O,Thu Mar 31 20:27:00 +0000 2022,1509628348531720202,Realty Income Corporation current quarter revenue growth YoY of 63 00  ranked 742 out of 5722 companies in our database      https   t co e5GlDDjC8K  O
REG,Thu Mar 31 22:14:33 +0000 2022,1509655414161305621,   REG price target update    Target Lowered by Deutsche Bank Aktiengesellschaft From  92 00 to  83 00  Day quote change   58 76   1 45   Target upside  41 25   Published  March 31  2022 https   t co RJsd063rBB
REGN,Thu Mar 31 20:10:18 +0000 2022,1509624147147517952, REGN   SEC Form 4  Brown Michael S exercised 1 930 shares at a strike of  374 12 and sold  1 349 070 worth of shares  1 930 units at  699 00  as part of a pre agreed trading plan  https   t co D2EosknQkz  45 seconds delayed 
REGN,Wed Mar 30 12:30:00 +0000 2022,1509145920486608898,New Large Cap 52  Week Highs for Mar 29  2022    UNP  276 82  AZN  66 60  ANTM  492 22  CB  218 99  DUK  110 99  CP  83 26  SO  72 07  REGN  699 00  AON  329 46  D  84 90  Research on https   t co jdIQT7KKID
RF,Thu Mar 31 13:05:29 +0000 2022,1509517238000394247, RF  15s  delayed   Issued Press Release on March 31  09 00 00  Regions Bank Wins Gallup Exceptional Workplace Award https   t co hzW8Lpb6SE
RSG,Thu Mar 31 22:30:02 +0000 2022,1509659310044987398,Nice print for  RSG Size  369276 Price  132 5 Amount   48 929 070 00 Time  1830 See more  https   t co UPDXcypLMn Join https   t co JWvlYbdLod to get REAL TIME prints  Runners    https   t co VC1LdPHaJR Losers    https   t co 9MWV4THfhQ Gappers    https   t co bHQKF1W40n
RSG,Thu Mar 31 13:39:27 +0000 2022,1509525786751086596, RSG Max Pain is 130 00 for maturity 04 14 2022   maxpain  options https   t co IMPEuZ8z77 https   t co gIJIJIXfak
RSG,Wed Mar 30 19:02:33 +0000 2022,1509244708148682756, RSG Max Pain is 125 00 for maturity 04 14 2022   maxpain  options https   t co IMPEuZ8z77 https   t co bCjmK6jEXn
RHI,Thu Mar 31 18:55:59 +0000 2022,1509605445186560003, RHI  15s  delayed   Issued Press Release on March 31  14 47 00  Protiviti Launches 2022  Birdies for Meals  Campaign with Professional Golfers Matt Fitzpatrick and Jennifer Kupcho to Fight Hunger https   t co iIasb0cZ5Y
ROK,Thu Mar 31 10:09:57 +0000 2022,1509473060969193472, ROK Max Pain 270 00  Maturity 04 14 2022   maxpain  options https   t co ODde483k6X https   t co akNhAvulXC
ROK,Wed Mar 30 16:27:58 +0000 2022,1509205805802917894, ROK high OI range is 230 00 to 360 00 for option expiration 04 14 2022 PutCallRatio 0 43  maxpain  options https   t co ODde483k6X https   t co zYwh9HJoyg
RCL,Thu Mar 31 17:16:16 +0000 2022,1509580347704369196, RCL Strike  90 00 Expiration  2022 06 17 Call  RCL220617C90 Price  4 30 Size  4500 Time  2022 03 31 10 22 38AM Premium   1 935 000 00
RCL,Thu Mar 31 17:16:16 +0000 2022,1509580347544985609, RCL Strike  82 00 Expiration  2022 04 01 Call  RCL220401C82 Price  2 45 Size  1275 Time  2022 03 31 10 54 11AM Premium   312 375 00
RCL,Thu Mar 31 15:45:09 +0000 2022,1509557417348112388, RCL  90 00 May 20 2022 CALL     Underlying   84 01   Difference  6 66  Daily   Volume   875 805 Volume  2 634 OI  553 IV  44 94  Bid Ask   3 25  3 40
RCL,Wed Mar 30 20:21:15 +0000 2022,1509264513454931969, RCL Rising Price and Volume Daily appearances since 2010  163 Close 5 days later    Avg  0 06 SD  3 36 Worst   16 64 Best  7 98  10 days later  Avg   0 05 SD  5 17 Worst   40 23 Best  10 71  30 days later  Avg  0 51 SD  10 46 Worst   76 62 Best  22 00
RCL,Wed Mar 30 09:59:08 +0000 2022,1509107953042964484, RCL gap at around  93 00 on the Daily Chart  I zoomed in to show its there  Its a small thin gap but it s there  https   t co aiqcjy4XaA
SPGI,Thu Mar 31 17:59:36 +0000 2022,1509591255478636562, SPGI  15s  delayed   Issued Press Release on March 31  13 55 00  No Cause For Complacency As The Russia Ukraine Conflict Modestly Dents Global Economic Growth  Report Says https   t co gWOea8usqM
SPGI,Wed Mar 30 23:50:55 +0000 2022,1509317277182791685, SPGI  15s  delayed   Issued Press Release on March 30  19 48 00  Banner Bank Ranked Among Top 50 U S  Public Banks https   t co zNL2MSNwKA
SPGI,Wed Mar 30 02:00:39 +0000 2022,1508987540421885962,S amp P Global Inc    SPGI    QUOTE  SPGI was DOWN   on Tue Mar 29 Closed at 417 45 USD for a 0 00  loss from previous close          ANALYSIS S amp P Global Inc should be nationalized      
CRM,Wed Mar 30 23:36:06 +0000 2022,1509313550963073034,Stock   CRM        REALTIME TREND     BUY BUY   95 00   SELL   5 00   Try now the Best Pivot Point Calculator   https   t co M4dks87lUW  tradingview  stocks  stockstowatch
CRM,Wed Mar 30 18:18:08 +0000 2022,1509233528504004611,Stock   CRM        REALTIME TREND     BUY BUY   95 00   SELL   5 00   Try now the Best Pivot Point Calculator   https   t co liTHFwDkfD  tradingview  stocks  stockstowatch
SLB,Thu Mar 31 22:30:02 +0000 2022,1509659310309138435,Nice print for  SLB Size  1829200 Price  41 31 Amount   75 564 252 00 Time  1830 See more  https   t co Uxkz3lUlwf Join https   t co JWvlYbdLod to get REAL TIME prints  Runners    https   t co VC1LdPHaJR Losers    https   t co 9MWV4THfhQ Gappers    https   t co bHQKF1W40n
SLB,Thu Mar 31 22:29:18 +0000 2022,1509659126019756032,   SLB price target update    Target Raised by Wells Fargo  amp  Company From  45 00 to  56 00  Day quote change   41 31   2 13   Target upside  35 56   Published  March 31  2022 https   t co 0ALu5H9Au8
SLB,Thu Mar 31 21:46:34 +0000 2022,1509648370473660435,   SLB price target update    Target Raised by Cowen From  42 00 to  48 00  Day quote change   41 31   1 68   Target upside  16 19   Published  March 31  2022 https   t co 0ALu5H9Au8
SLB,Thu Mar 31 18:30:08 +0000 2022,1509598936708878338,Nice print for  SLB Size  120000 Price  41 98 Amount   5 037 600 00 Time  1430 See more  https   t co Uxkz3lUlwf Join https   t co JWvlYbdLod to get REAL TIME prints  Runners    https   t co VC1LdPHaJR Losers    https   t co 9MWV4THfhQ Gappers    https   t co bHQKF1W40n
SLB,Thu Mar 31 17:43:06 +0000 2022,1509587102106886149, SLB  50 00 Aug 19 2022 CALL     Underlying   42 14   Difference  15 73  Daily   Volume   547 264 Volume  2 757 OI  671 IV  43 33  Bid Ask   1 95  2 02
SLB,Thu Mar 31 17:16:16 +0000 2022,1509580347712757792, SLB Strike  60 00 Expiration  2023 01 20 Call  SLB230120C60 Price  2 00 Size  2750 Time  2022 03 31 9 46 49AM Premium   550 000 00
SLB,Thu Mar 31 17:16:16 +0000 2022,1509580347675009055, SLB Strike  50 00 Expiration  2022 08 19 Call  SLB220819C50 Price  1 99 Size  2000 Time  2022 03 31 12 48 58PM Premium   398 000 00
SLB,Thu Mar 31 17:16:16 +0000 2022,1509580346974646273, SLB Strike  50 00 Expiration  2023 01 20 Call  SLB230120C50 Price  3 98 Size  2750 Time  2022 03 31 9 46 49AM Premium   1 094 500 00
STX,Thu Mar 31 21:32:18 +0000 2022,1509644783651680259,   STX price target update    Target Lowered by Morgan Stanley From  101 00 to  99 00  Day quote change   89 82   1 61   Target upside  10 22   Published  March 31  2022 https   t co PfcTlRDdhP
STX,Thu Mar 31 14:56:51 +0000 2022,1509545261760237573,Swing     ONE    0 17  NEO    27 77  STX    1 48  XEC    0 00  CHZ    0 29  QNT    142 80  ENJ    1 87  KSM    196 90  LRC    1 21  TUSD    1 00  https   t co xzqH6LyCnS
STX,Thu Mar 31 03:56:25 +0000 2022,1509379060635508741,Swing     NEO    28 75  STX    1 54  ONE    0 17  CHZ    0 30  XEC    0 00  QNT    146 00  LRC    1 29  ENJ    1 83  KSM    189 30  TUSD    1 00  https   t co xzqH6LyCnS
STX,Thu Mar 31 02:56:16 +0000 2022,1509363924541620227,Swing     BTT    0 00  STX    1 54  ONE    0 17  CHZ    0 31  XEC    0 00  QNT    146 10  LRC    1 29  KSM    190 10  ENJ    1 85  TUSD    1 00  https   t co xzqH6LyCnS
STX,Thu Mar 31 01:56:12 +0000 2022,1509348807888277506,Swing     NEO    29 47  STX    1 54  ONE    0 17  CHZ    0 31  XEC    0 00  QNT    146 10  LRC    1 28  KSM    191 30  ENJ    1 83  TUSD    1 00  https   t co xzqH6LyCnS
STX,Thu Mar 31 00:47:33 +0000 2022,1509331530635612165, STX    Increased 3 56  in 14 7 hour s    Price   1 56700000 USDT     31 Mar    00 47 33 UTC  STX  STXUSDT  CryptoBOT
STX,Wed Mar 30 22:56:11 +0000 2022,1509303503906385921,Swing     ONE    0 16  STX    1 50  BTT    0 00  CHZ    0 30  XEC    0 00  QNT    143 60  LRC    1 27  KSM    188 50  ENJ    1 79  TUSD    1 00  https   t co xzqH6LyCnS
STX,Wed Mar 30 21:56:08 +0000 2022,1509288392873639936,Swing     ONE    0 17  STX    1 51  BTT    0 00  CHZ    0 31  XEC    0 00  QNT    143 90  LRC    1 25  KSM    187 60  ENJ    1 79  TUSD    1 00  https   t co xzqH6Lzadq
STX,Wed Mar 30 20:56:11 +0000 2022,1509273305118871554,Swing     NEO    28 41  STX    1 51  BTT    0 00  CHZ    0 31  XEC    0 00  QNT    142 50  LRC    1 25  KSM    187 80  ENJ    1 80  TUSD    1 00  https   t co xzqH6LyCnS
STX,Wed Mar 30 19:56:11 +0000 2022,1509258207071547394,Swing     NEO    28 15  STX    1 50  BTT    0 00  CHZ    0 31  XEC    0 00  QNT    141 60  LRC    1 24  KSM    185 90  ENJ    1 79  TUSD    1 00  https   t co xzqH6LyCnS
SEE,Wed Mar 30 12:01:29 +0000 2022,1509138741792808962,Sealed Air Corp    SEE    QUOTE  SEE was DOWN   on Tue Mar 29 Closed at 70 17 USD for a 0 00  loss from previous close          ANALYSIS Sealed Air Corp should be nationalized      
SRE,Thu Mar 31 17:24:27 +0000 2022,1509582407049134089, SRE Max Pain 160 00  Maturity 04 14 2022   maxpain  options https   t co WXVxwo0271 https   t co J2aGPZZOP2
SRE,Thu Mar 31 10:56:52 +0000 2022,1509484870627733507, SRE  15s  delayed   Issued Press Release on March 31  06 55 00  Sempra and TotalEnergies Expand North American Strategic Alliance for LNG and Renewable Development Projects https   t co Orai8enVls
SRE,Wed Mar 30 21:00:17 +0000 2022,1509274338729476096,   SRE price target update    Target Raised by Mizuho From  148 00 to  174 00  Day quote change   167 05  1 62   Target upside  4 16   Published  March 30  2022 https   t co a5fCAftl1P
SRE,Wed Mar 30 17:29:01 +0000 2022,1509221168397565955, SRE  15s  delayed   Issued Press Release on March 30  13 17 00  SoCalGas to Start Construction of Electric Vehicle Chargers in Support of Zero Emissions Fleet Goal https   t co QAdldIXy4K
SRE,Wed Mar 30 02:24:19 +0000 2022,1508993494647455744, SRE  15s  delayed   Issued Press Release on March 29  22 21 00  SDG amp amp E Adds Second Energy Storage Facility in San Diego to Strengthen Grid Reliability and Advance Clean Energy Goals https   t co U2oXA5Hpqm
SRE,Tue Mar 29 22:36:20 +0000 2022,1508936121375408131, SRE Max Pain 160 00  Maturity 04 14 2022   maxpain  options https   t co WXVxwo0271 https   t co MAHt9eZ6VG
NOW,Thu Mar 31 17:06:44 +0000 2022,1509577950794031113, NOW 13 has crossed below    48 and ERROR retrieving 200 data  check manually  for the 60m intverval  01 00 02 PM
NOW,Wed Mar 30 17:39:07 +0000 2022,1509223713459347463, NOW open interest for maturity 04 01 2022  High put 300 00 High call 820 00 PutCallRatio 1 06  maxpain  options https   t co Ew7asV7vwU https   t co oXvk61Spor
SHW,Thu Mar 31 03:41:49 +0000 2022,1509375386832064512, SHW Max Pain is 250 00 for maturity 04 14 2022   maxpain  options https   t co fDxWYX7tJo https   t co d5dk0Q9OX7
SBNY,Wed Mar 30 16:52:40 +0000 2022,1509212023288180736, SBNY high OI range is 140 00 to 300 00 for option expiration 04 14 2022 PutCallRatio 1 47  maxpain  options https   t co PsqwYDtu7S https   t co e1gY1Lr6vi
SPG,Thu Mar 31 23:51:05 +0000 2022,1509679707696021510,Stock   SPG        REALTIME TREND     BUY BUY   95 00   SELL   5 00   Try now the Best Pivot Point Calculator   https   t co 25hKh8joVy  tradingview  stocks  stockstowatch
SPG,Thu Mar 31 22:48:08 +0000 2022,1509663864970833950,   SPG price target update    Target Lowered by Deutsche Bank Aktiengesellschaft From  190 00 to  173 00  Day quote change   131 98   2 4   Target upside  31 08   Published  March 31  2022 https   t co AzQR8peKRA
SPG,Thu Mar 31 13:03:19 +0000 2022,1509516691067260932, SPG 13 has crossed below    48 and ERROR retrieving 200 data  check manually  for the 15m intverval  09 00 02 AM
SPG,Thu Mar 31 03:52:21 +0000 2022,1509378036445155329, SPG open interest for maturity 04 14 2022  High put 125 00 High call 155 00 PutCallRatio 0 49  maxpain  options https   t co sQsnO4Q1Sq https   t co 0s8YVKP00H
SPG,Wed Mar 30 21:18:07 +0000 2022,1509278825422667780,Stock   SPG        REALTIME TREND     BUY BUY   95 00   SELL   5 00   Try now the Best Pivot Point Calculator   https   t co Wnk0O22htb  tradingview  stocks  stockstowatch
SPG,Wed Mar 30 00:03:05 +0000 2022,1508957953600200705,Stock   SPG        REALTIME TREND     SELL BUY   5 00   SELL   95 00   Try now the Best Pivot Point Calculator   https   t co d5bsf88WzU  tradingview  stocks  stockstowatch
SWKS,Thu Mar 31 22:45:19 +0000 2022,1509663156037210114,Insider Activity seen in   SWKS  GRIFFIN LIAM  Chairman  CEO a  Sale  Total Shares   10 000  Transaction Price   140 00  Transaction Value   1 400 000  Last Quote   133 28 https   t co ALW4Iriw0V
SWKS,Thu Mar 31 22:30:53 +0000 2022,1509659526181670928, SWKS   GRIFFIN LIAM sold 10000 0 shares of Common Stock worth  1 400 000 00 in 1 transaction s  on 2022 03 29   SWKS
SWKS,Thu Mar 31 20:23:21 +0000 2022,1509627429572255751, SWKS Max Pain 135 00  Maturity 04 01 2022   maxpain  options https   t co qsrrXqng9Z https   t co RALVbAXi7T
SNA,Wed Mar 30 15:59:28 +0000 2022,1509198633027129350, SNA Max Pain is 220 00 for maturity 04 14 2022   maxpain  options https   t co xblZ4Ch7hR https   t co h0MyYzJCjr
SEDG,Thu Mar 31 23:03:49 +0000 2022,1509667812490375172,2022 03 31 7 00 PM  SEDG  SolarEdgePV SolarEdge Technologies up 2 59     463 25 million gain   https   t co Pe5YroetsN  Mar 29  SolarEdge Technologies  Inc   SEDG  Stock Price Today  Quote  amp  News https   t co 4tiEFsQYas
SEDG,Thu Mar 31 22:02:50 +0000 2022,1509652466882605071,   SEDG price target update    Target Raised by Citigroup From  320 00 to  405 00  Day quote change   320 02  1 84   Target upside  26 55   Published  March 31  2022 https   t co ooxsBlC3Mz
SEDG,Thu Mar 31 21:24:36 +0000 2022,1509642842720948231, SEDG Max Pain is 310 00 for maturity 04 14 2022   maxpain  options https   t co sJxlPhadIL https   t co EPhodUaHhQ
SEDG,Wed Mar 30 21:31:50 +0000 2022,1509282277733199873,   SEDG price target update    Target Raised by Cowen From  344 00 to  370 00  Day quote change   313 01   3 17   Target upside  18 21   Published  March 30  2022 https   t co ooxsBlC3Mz
SEDG,Wed Mar 30 21:22:10 +0000 2022,1509279844546228224,   SEDG price target update    Target Raised by B  Riley From  297 00 to  359 00  Day quote change   313 01   3 17   Target upside  14 69   Published  March 30  2022 https   t co ooxsBlC3Mz
SEDG,Wed Mar 30 21:04:22 +0000 2022,1509275363079163908,   SEDG price target update    Target Raised by JPMorgan Chase  amp  Co  From  328 00 to  375 00  Day quote change   314 18   3 17   Target upside  19 36   Published  March 30  2022 https   t co ooxsBlC3Mz
SEDG,Wed Mar 30 20:56:13 +0000 2022,1509273314178469888,   SEDG price target update    Target Raised by BMO Capital Markets From  370 00 to  405 00  Day quote change   312 61   3 17   Target upside  29 55   Published  March 30  2022 https   t co ooxsBlC3Mz
SO,Thu Mar 31 20:59:40 +0000 2022,1509636567987630082, SO   Greene Kimberly S  sold 200010 0 shares of Southern Company Common Stock worth  7 270 532 00 in 8 transaction s  from 2022 03 30 to 2022 03 31   SO
SO,Thu Mar 31 19:38:25 +0000 2022,1509616123645358083, SO  15s  delayed   Issued Press Release on March 31  15 37 00  Nicor Gas releases Supplier Diversity Economic Impact Report https   t co SfAK4Kxigj
SO,Thu Mar 31 18:30:30 +0000 2022,1509599032469037061,Stock   SO        REALTIME TREND     SELL BUY   5 00   SELL   95 00   Try now the Best Pivot Point Calculator   https   t co 1lQ6s2scqF  tradingview  stocks  stockstowatch
SO,Thu Mar 31 05:06:10 +0000 2022,1509396613663543299, cryptoprices Live Crypto Prices  24h change   BTC   46 995 00   0 40   ETH   3 390 81   0 65   BNB   442 77   2 74   MATIC   1 71   3 34   SOL   120 79   9 68   EOS   2 96   3 68   CAKE   8 87   5 77    Powered by CoinGecko API  BTC  ETH  BNB  MATIC  SO  https   t co yxjEaT3YtU
SO,Thu Mar 31 05:00:51 +0000 2022,1509395273679839233,Southern Co    SO    QUOTE  SO was DOWN   on Wed Mar 30 Closed at 72 50 USD for a 0 00  loss from previous close          ANALYSIS Southern Co should be nationalized      
SO,Wed Mar 30 12:30:00 +0000 2022,1509145920486608898,New Large Cap 52  Week Highs for Mar 29  2022    UNP  276 82  AZN  66 60  ANTM  492 22  CB  218 99  DUK  110 99  CP  83 26  SO  72 07  REGN  699 00  AON  329 46  D  84 90  Research on https   t co jdIQT7KKID
SO,Tue Mar 29 23:57:05 +0000 2022,1508956441612328962,Stock   SO        REALTIME TREND     SELL BUY   5 00   SELL   95 00   Try now the Best Pivot Point Calculator   https   t co OnudTHblFr  tradingview  stocks  stockstowatch
SO,Tue Mar 29 23:31:12 +0000 2022,1508949926750961666, SO Max Pain is 67 00 for maturity 04 01 2022   maxpain  options https   t co NMIyV6Mahp https   t co IRTP3PIbtG
LUV,Thu Mar 31 18:10:12 +0000 2022,1509593922883964936, LUV I m scaling out between  1 00 1 05 today  my original entry was  0 79  if you got a higher entry no worries as you re still in profit  We re going to keep compounding our gains for this challenge  I ll be on the look out for another challenge trade 
LUV,Thu Mar 31 15:37:29 +0000 2022,1509555488731533312, LUV calls are up 15  now   I took profit this AM at 1 00  set that as a limit sell in case I slept through a pop in the open   I m hoping this call has bigger moved tho
LUV,Thu Mar 31 03:01:37 +0000 2022,1509365269789032452,Southwest Airlines Co    LUV    QUOTE  LUV was DOWN   on Wed Mar 30 Closed at 45 57 USD for a 0 00  loss from previous close          ANALYSIS Southwest Airlines Co should be nationalized      
LUV,Wed Mar 30 19:35:40 +0000 2022,1509253041039495173,Nice print for  LUV Size  184000 Price  45 6 Amount   8 390 400 00 Time  1535 See more  https   t co acCBnqjWuI Join https   t co JWvlYbdLod to get REAL TIME prints  Runners    https   t co VC1LdPHaJR Losers    https   t co 9MWV4THfhQ Gappers    https   t co bHQKF1W40n
LUV,Wed Mar 30 18:21:40 +0000 2022,1509234420913430529, LUV  50 00 May 20 2022 CALL     Underlying   45 56   Difference  8 87  Daily   Volume   1 582 063 Volume  19 061 OI  1 061 IV  33 90  Bid Ask   0 82  0 84
LUV,Wed Mar 30 17:41:28 +0000 2022,1509224302612152321, LUV Strike  50 00 Expiration  2022 05 20 Call  LUV220520C50 Price  0 78 Size  15216 Time  2022 03 30 1 41 28PM Premium   1 186 848 00
LUV,Wed Mar 30 03:27:29 +0000 2022,1509009392632578052, LUV open interest for maturity 04 01 2022  High put 42 00 High call 45 00 PutCallRatio 0 48  maxpain  options https   t co I2cmmMO7x6 https   t co 9n05aXOA9N
SWK,Wed Mar 30 23:51:44 +0000 2022,1509317481990692868, SWK Max Pain is 150 00 for maturity 04 14 2022   maxpain  options https   t co iY3eh0JlHS https   t co zooHHr8sId
SWK,Wed Mar 30 21:27:46 +0000 2022,1509281253387735044,   SWK price target update    Target Lowered by JPMorgan Chase  amp  Co  From  237 00 to  170 00  Day quote change   142 53   2 25   Target upside  19 27   Published  March 30  2022 https   t co 8kktDfZau1
SBUX,Thu Mar 31 18:27:06 +0000 2022,1509598172968112128,Stock   SBUX        REALTIME TREND     SELL BUY   5 00   SELL   95 00   Try now the Best Pivot Point Calculator   https   t co AhT9z7kCv1  tradingview  stocks  stockstowatch
SBUX,Thu Mar 31 17:16:16 +0000 2022,1509580347058446336, SBUX Strike  105 00 Expiration  2022 10 21 Call  SBUX221021C105 Price  2 61 Size  2000 Time  2022 03 31 11 46 20AM Premium   522 000 00
SBUX,Wed Mar 30 17:18:01 +0000 2022,1509218402874712068, SBUX Strike  80 00 Expiration  2022 05 20 Put  SBUX220520P80 Price  1 00 Size  1200 Time  2022 03 30 1 18 01PM Premium   120 000 00
SBUX,Wed Mar 30 15:51:06 +0000 2022,1509196527641796614,Stock   SBUX        REALTIME TREND     SELL BUY   50 00   SELL   50 00   Try now the Best Pivot Point Calculator   https   t co nZhCJOZTmv  tradingview  stocks  stockstowatch
SBUX,Tue Mar 29 23:54:06 +0000 2022,1508955692933263361,Stock   SBUX        REALTIME TREND     SELL BUY   5 00   SELL   95 00   Try now the Best Pivot Point Calculator   https   t co mjIBKIKsH1  tradingview  stocks  stockstowatch
STT,Wed Mar 30 19:00:00 +0000 2022,1509244065669332995,Fellow StarTerrans   Our latest iteration of StarTerra TV will take place TOMORROW  31 03 at 19 00 UTC    In this week s episode       TerrnadoCash  AMA      Weekly  Terra  amp   STT News     Tune in in just 24 hours   https   t co EZpKF4R1uq
STE,Thu Mar 31 22:09:55 +0000 2022,1509654246878113803, STE   SEC Form 4  Burton Karen L exercised 4 000 units of Ordinary Shares at a strike of  77 07 and sold  984 000 worth of Ordinary Shares  4 000 units at  246 00  as part of a pre agreed trading plan  https   t co eQarCZKGeg  45 seconds delayed 
SYF,Thu Mar 31 21:51:08 +0000 2022,1509649520992395268, SYF Max Pain is 36 00 for maturity 04 01 2022   maxpain  options https   t co 5v2hY1rT8k https   t co S5zfBH28IA
SNPS,Thu Mar 31 13:10:34 +0000 2022,1509518515602087950, SNPS  15s  delayed   Issued Press Release on March 31  09 05 00  Samsung Foundry Adopts Leading Voltage Timing Signoff Solution from Synopsys and Ansys for Advanced Node  Energy Efficient Chips https   t co OPsvcfUqtJ
SYY,Wed Mar 30 19:45:39 +0000 2022,1509255554551762947,Nice print for  SYY Size  223000 Price  83 Amount   18 509 000 00 Time  1545 See more  https   t co Ao0GNDmkR1 Join https   t co JWvlYbdLod to get REAL TIME prints  Runners    https   t co VC1LdPHaJR Losers    https   t co 9MWV4THfhQ Gappers    https   t co bHQKF1W40n
SYY,Wed Mar 30 19:06:10 +0000 2022,1509245619499638790,Nice print for  SYY Size  212000 Price  83 Amount   17 596 000 00 Time  1506 See more  https   t co Ao0GNDmkR1 Join https   t co JWvlYbdLod to get REAL TIME prints  Runners    https   t co VC1LdPHaJR Losers    https   t co 9MWV4THfhQ Gappers    https   t co bHQKF1W40n
TMUS,Thu Mar 31 12:22:58 +0000 2022,1509506538108502022, TMUS  15s  delayed   Issued Press Release on March 31  08 16 00  New Magenta  Hue Dis  T Mobile Rebrands With a Bold New Color Fit for the Leader in 5G https   t co HvfWmWcD0U
TMUS,Thu Mar 31 11:13:22 +0000 2022,1509489021671677952, TMUS open interest for maturity 04 01 2022  High put 125 00 High call 127 00 PutCallRatio 1 53  maxpain  options https   t co 2zZd1LbjU8 https   t co FEJRM1FQrY
TMUS,Wed Mar 30 15:20:28 +0000 2022,1509188819626733577, TMUS  15s  delayed   Issued Press Release on March 30  11 17 00  T Mobile Has Sweet Deals on the Newest Samsung 5G Devices https   t co QztJ1D5U48
TMUS,Wed Mar 30 00:15:16 +0000 2022,1508961019309301764,Stock   TMUS        REALTIME TREND     SELL BUY   5 00   SELL   95 00   Try now the Best Pivot Point Calculator   https   t co L7syX9LeZn  tradingview  stocks  stockstowatch
TTWO,Thu Mar 31 15:37:18 +0000 2022,1509555443663839236, TTWO  15s  delayed   Issued Press Release on March 31  11 35 00  Kaskela Law LLC Announces Investigation of Take Two Interactive Software  Inc   NASDAQ  TTWO  and Encourages TTWO Investors to Contact the Firm for Additional Information https   t co mb2OHLGBDY
TTWO,Wed Mar 30 16:38:58 +0000 2022,1509208573338800132, TTWO Strike  145 00 Expiration  2022 06 17 Put  TTWO220617P145 Price  6 00 Size  1000 Time  2022 03 30 12 38 58PM Premium   600 000 00
TTWO,Wed Mar 30 16:38:58 +0000 2022,1509208573334630401, TTWO Strike  135 00 Expiration  2022 06 17 Put  TTWO220617P135 Price  3 60 Size  1000 Time  2022 03 30 12 38 58PM Premium   360 000 00
TTWO,Wed Mar 30 13:31:30 +0000 2022,1509161397531336715, TTWO high OI range is 147 00 to 160 00 for option expiration 04 01 2022 PutCallRatio 2 49  maxpain  options https   t co inF09j7yAk https   t co pZ5YAC60qC
TPR,Thu Mar 31 21:08:18 +0000 2022,1509638741152841732,DailyDown5  SKLZ  3 00  5 96   10 18  1 01   62 07  45 72  SMG  122 96  5 01   1 43   11 58   24 08  43 24  SPCE  9 97  6 74  2 47  6 63   29 14  55 80  TPR  37 15  5 16   1 33   4 28   9 65  47 44  TREX  66 13  6 23   5 53   20 47   51 65  35 49
TGT,Thu Mar 31 23:57:05 +0000 2022,1509681217423216652,Stock   TGT        REALTIME TREND     BUY BUY   95 00   SELL   5 00   Try now the Best Pivot Point Calculator   https   t co apP8QnzY91  tradingview  stocks  stockstowatch
TGT,Thu Mar 31 20:11:32 +0000 2022,1509624455496335360,  TRADE  OPTIONTRADING RESULTS     MA         High Spread  No Volume  No Trade   TGT         215P    65  gt 3 04  368        COIN      190P   1 85  gt 3 00  62     ABNB     No Confirmation  No Trade  https   t co TqYdeOlj8G https   t co htAkC1mQDb
TGT,Thu Mar 31 18:39:06 +0000 2022,1509601194855051275,Stock   TGT        REALTIME TREND     BUY BUY   95 00   SELL   5 00   Try now the Best Pivot Point Calculator   https   t co tTmGIYKXPj  tradingview  stocks  stockstowatch
TGT,Thu Mar 31 12:34:28 +0000 2022,1509509431515652104, TGT Max Pain 220 00  Maturity 04 01 2022   maxpain  options https   t co 7boQc7QBIi https   t co UBnmnCo7Db
TGT,Wed Mar 30 14:59:26 +0000 2022,1509183524682805250, TGT Strike  220 00 Expiration  2022 04 22 Put  TGT220422P220 Price  3 75 Size  1000 Time  2022 03 30 10 59 26AM Premium   375 000 00
TGT,Wed Mar 30 14:59:26 +0000 2022,1509183524535865345, TGT Strike  220 00 Expiration  2022 04 22 Call  TGT220422C220 Price  6 54 Size  1000 Time  2022 03 30 10 59 26AM Premium   654 000 00
TGT,Wed Mar 30 00:09:05 +0000 2022,1508959463545450497,Stock   TGT        REALTIME TREND     SELL BUY   5 00   SELL   95 00   Try now the Best Pivot Point Calculator   https   t co jRmVef0TdQ  tradingview  stocks  stockstowatch
TEL,Wed Mar 30 01:00:05 +0000 2022,1508972296412680195,  Biggest Losers  1 hr    Dogelon Mars  ELON  3 49     Telcoin  TEL  2 66     Zcash  ZEC  2 16     Serum  SRM  2 00     Flow  FLOW  1 88    
TSLA,Thu Mar 31 23:10:34 +0000 2022,1509669512387653632, TSLA Option to look at today         1600 00 Call for Friday  April 1  2022  Roughly 2 Thousand dollars     Learn more on StockOrbit  Link on profile    
TSLA,Thu Mar 31 19:59:50 +0000 2022,1509621509941202944,glow up fr    SPY   3 68   5 00   40    put here posting literal bangers for FREE      QQQ  TSLA  AMC  GME  NVDA https   t co RrHDqxR6wQ https   t co nyXTh1JSj8
TSLA,Thu Mar 31 19:21:00 +0000 2022,1509611738647474177, TSLA 12 16 22  1650 00 PUT  Type  large Time  14 02 11 Total Size  25 Contracts Total Value   1561900 Average Price   624 76 Ask   627 7 Bid   621 8 Underlying   1094 4 Sentiment  neutral
TSLA,Thu Mar 31 18:31:20 +0000 2022,1509599241966137347, tsla weekly chart clearly see where the levels come from   1072 00 white line  Notice shaded area   1119 00 red line Price has never closed above the 1119 00 for more than a week   Major supply area   Technically  why all pops up there not holding https   t co k5FWpmEMWn
TSLA,Thu Mar 31 18:24:42 +0000 2022,1509597571353878539,We have identified an unusual  TSLA sweep that expires on April 22  2022 with a strike price of  1 000 00   277 PUT contracts with a price of  24 91  Ask  were purchased at a  690 280 premium 
TSLA,Thu Mar 31 18:18:52 +0000 2022,1509596103615946760, tsla 4 hour charts  Price has Rejected  1124 euphoria top 1114 lower high  1112 lower high  1103 lower high   There is a 1073 11 low support  which is a throw back to the 1070 00 R S flip   price above 1070 bulls have momentum   1070 fail  then  978 is support https   t co 1169Yzo4FZ
TSLA,Thu Mar 31 17:52:42 +0000 2022,1509589518210547714,Twitter s Top Stocks     CLVS  Price   2 54  Mentions  112  SPY  Price   457 27  Mentions  87  TSLA  Price   1 093 00  Mentions  70  SPX  Price  None  Mentions  62  AMD  Price   110 19  Mentions  50   stocks  investing  trading
TSLA,Thu Mar 31 17:00:22 +0000 2022,1509576348297216004, TSLA 13 has crossed below    48 and ERROR retrieving 200 data  check manually  for the 15m intverval  01 00 02 PM
TSLA,Thu Mar 31 15:20:50 +0000 2022,1509551299636957195, MULN   this looks like the last ladder attack before lunch  If they can t get it under  3 00 in the next 45 minutes shorts are for sure trapped with no available shares to borrow  If you re looking for an entry point  now would be good    AMC  GME  TSLA https   t co 9fmqhtkhrL
TSLA,Thu Mar 31 14:20:34 +0000 2022,1509536133218140162,            TSLA Put         Strike  1 080 00         Exp  04 01 22         Ask  12 6         Bid  12 45         OpenInterest  2 249         Volume  5 799   TOS    TSLA220401P1080  https   t co bM9DaFngSq  RHD  https   t co cGVTDpHkaT https   t co DyOK3V8uFa
TXN,Thu Mar 31 18:51:06 +0000 2022,1509604215773143044,Stock   TXN        REALTIME TREND     BUY BUY   95 00   SELL   5 00   Try now the Best Pivot Point Calculator   https   t co rr6LCI7elh  tradingview  stocks  stockstowatch
TXN,Thu Mar 31 17:16:16 +0000 2022,1509580346945200130, TXN Strike  160 00 Expiration  2022 06 17 Put  TXN220617P160 Price  2 67 Size  9600 Time  2022 03 31 12 21 17PM Premium   2 563 200 00
TXN,Wed Mar 30 21:36:07 +0000 2022,1509283354205736960,Stock   TXN        REALTIME TREND     BUY BUY   95 00   SELL   5 00   Try now the Best Pivot Point Calculator   https   t co PS54gAeTTb  tradingview  stocks  stockstowatch
TXN,Wed Mar 30 00:21:05 +0000 2022,1508962483033235458,Stock   TXN        REALTIME TREND     SELL BUY   5 00   SELL   95 00   Try now the Best Pivot Point Calculator   https   t co 2WfpOCS9t3  tradingview  stocks  stockstowatch
TMO,Thu Mar 31 17:16:16 +0000 2022,1509580347666620442, TMO Strike  570 00 Expiration  2022 04 14 Put  TMO220414P570 Price  2 40 Size  3203 Time  2022 03 31 12 44 19PM Premium   768 720 00
TMO,Wed Mar 30 10:48:08 +0000 2022,1509120284187676680,Stock   TMO        REALTIME TREND     SELL BUY   44 00   SELL   56 00   Try now the Best Pivot Point Calculator   https   t co Lv0PUEy39M  tradingview  stocks  stockstowatch
TMO,Wed Mar 30 05:30:31 +0000 2022,1509040355043332096,Stock   TMO        REALTIME TREND     SELL BUY   44 00   SELL   56 00   Try now the Best Pivot Point Calculator   https   t co Hr8mYTPFbW  tradingview  stocks  stockstowatch
TMO,Wed Mar 30 00:12:08 +0000 2022,1508960227902828545,Stock   TMO        REALTIME TREND     SELL BUY   5 00   SELL   95 00   Try now the Best Pivot Point Calculator   https   t co X0g9I2klCA  tradingview  stocks  stockstowatch
TJX,Wed Mar 30 21:03:38 +0000 2022,1509275178366296066, TJX   Canestrari Kenneth sold 94526 0 shares of Common Stock worth  1 444 228 00 in 3 transaction s  on 2022 03 28   TJX
TJX,Wed Mar 30 21:03:18 +0000 2022,1509275095621058569, TJX   MEYROWITZ CAROL sold 167833 0 shares of Common Stock worth  2 582 548 00 in 3 transaction s  on 2022 03 28   TJX
TJX,Wed Mar 30 21:03:12 +0000 2022,1509275069310193667, TJX   Sherr Richard sold 121850 0 shares of Common Stock worth  1 875 748 00 in 3 transaction s  on 2022 03 28   TJX
TJX,Wed Mar 30 21:02:54 +0000 2022,1509274993594617859, TJX   Mizzi Douglas W  sold 85002 0 shares of Common Stock worth  1 250 540 00 in 3 transaction s  on 2022 03 28   TJX
TSCO,Thu Mar 31 15:56:29 +0000 2022,1509560272213745678, TSCO Max Pain is 230 00 for maturity 04 01 2022   maxpain  options https   t co mdndAok7KN https   t co wcks0qhloZ
TSCO,Wed Mar 30 14:41:00 +0000 2022,1509178889020575745, TSCO  15s  delayed   Issued Press Release on March 30  10 38 00  Tractor Supply Donates  50 000 to the Texas Department of Agriculture Star Fund https   t co BFmKCvIfW1
TDG,Wed Mar 30 18:24:44 +0000 2022,1509235190165557249, TDG open interest for maturity 04 14 2022  High put 550 00 High call 670 00 PutCallRatio 2 47  maxpain  options https   t co nTBvchZCAi https   t co LgCgRaV1c8
TDG,Wed Mar 30 09:01:07 +0000 2022,1509093352440053762,TransDigm Group Inc    TDG    QUOTE  TDG was DOWN   on Tue Mar 29 Closed at 684 29 USD for a 0 00  loss from previous close          ANALYSIS TransDigm Group Inc should be nationalized      
TRMB,Thu Mar 31 10:42:05 +0000 2022,1509481148757467138, TRMB  15s  delayed   Issued Press Release on March 31  06 30 00  Trimble Underscores Commitment to Sustainability with New Five Year   1 25 Billion Revolving Credit Facility https   t co xchuXv0mNz
TFC,Thu Mar 31 18:49:24 +0000 2022,1509603787006169090,Nice to see that my top 10 US bank fund is doing well today  tfc  2 32   wfc  2 38  bac   3 00   usb   2 26   pnc   1 94   bk   2 76   jpm 2 06   cof  1 42   tp   1 34   c 2 11 
TFC,Wed Mar 30 23:56:55 +0000 2022,1509318789699190788, TFC open interest for maturity 04 14 2022  High put 55 00 High call 62 50 PutCallRatio 0 82  maxpain  options https   t co 2jg2l00sDF https   t co kdPje0Xg54
TWTR,Thu Mar 31 20:07:22 +0000 2022,1509623408300023818,We have identified an unusual  TWTR block that expires on April 29  2022 with a strike price of  43 00   3 900 CALL contracts with a price of  1 36  Above Ask  were purchased at a  530 400 premium 
TWTR,Thu Mar 31 19:37:08 +0000 2022,1509615798113157120, TWTR Highly Unusual Sweep Detected   03 22 04 PM Type  CALL Expires  04 29 2022 Strike   43 00 Qty  1 119    1 12 Spot   38 91 Premium   125 3K  Tweets are delayed 15 minutes  https   t co O9dWYmwYwH
TWTR,Thu Mar 31 17:16:16 +0000 2022,1509580347364630552, TWTR Strike  32 00 Expiration  2022 06 17 Put  TWTR220617P32 Price  1 09 Size  1000 Time  2022 03 31 10 23 28AM Premium   109 000 00
TWTR,Thu Mar 31 17:16:16 +0000 2022,1509580346899062794, TWTR Strike  40 00 Expiration  2023 01 20 Put  TWTR230120P40 Price  6 75 Size  1000 Time  2022 03 31 10 23 28AM Premium   675 000 00
TWTR,Wed Mar 30 22:30:02 +0000 2022,1509296921864724489,Nice print for  TWTR Size  1054353 Price  39 Amount   41 119 767 00 Time  1830 See more  https   t co 7UydD7zRxp Join https   t co JWvlYbdLod to get REAL TIME prints  Runners    https   t co VC1LdPHaJR Losers    https   t co 9MWV4THfhQ Gappers    https   t co bHQKF1W40n
TWTR,Wed Mar 30 21:32:07 +0000 2022,1509282349309169671,The failing company of Twitter  TWTR settled  4 1  to  39 00  Shame  https   t co QNg2ItnyjK
TWTR,Wed Mar 30 11:16:12 +0000 2022,1509127347852951553, TWTR Option to look at today         44 00 Call for Friday  May 20  2022  Roughly 3 Million dollars     WOAH    Learn more on StockOrbit  Link on profile    
TWTR,Wed Mar 30 11:16:04 +0000 2022,1509127315535851521, TWTR Option to look at today         45 00 Call for Friday  April 8  2022  Roughly 7 Thousand dollars     Learn more on StockOrbit  Link on profile    
TWTR,Wed Mar 30 03:00:42 +0000 2022,1509002649617801216,3 30 watchlist   FUBO  Calls  gt  8 30   MARA Calls  gt  31 48   DKNG Calls  gt  20 90   SNAP  Calls  gt  38 18   TWTR  Calls over  gt  41 00
TSN,Thu Mar 31 17:02:11 +0000 2022,1509576805988065287, TSN Max Pain is 90 00 for maturity 04 14 2022   maxpain  options https   t co hMTamrBEiP https   t co FcZb8vA40i
USB,Thu Mar 31 19:06:09 +0000 2022,1509608000155226122,Stock   USB        REALTIME TREND     BUY BUY   95 00   SELL   5 00   Try now the Best Pivot Point Calculator   https   t co 99fl5vsM29  tradingview  stocks  stockstowatch
USB,Thu Mar 31 18:49:24 +0000 2022,1509603787006169090,Nice to see that my top 10 US bank fund is doing well today  tfc  2 32   wfc  2 38  bac   3 00   usb   2 26   pnc   1 94   bk   2 76   jpm 2 06   cof  1 42   tp   1 34   c 2 11 
USB,Wed Mar 30 21:48:08 +0000 2022,1509286377946587143,Stock   USB        REALTIME TREND     BUY BUY   95 00   SELL   5 00   Try now the Best Pivot Point Calculator   https   t co Ah48IBaD3T  tradingview  stocks  stockstowatch
USB,Wed Mar 30 16:30:25 +0000 2022,1509206422701187075,Stock   USB        REALTIME TREND     BUY BUY   95 00   SELL   5 00   Try now the Best Pivot Point Calculator   https   t co Ch9CYU5Cmg  tradingview  stocks  stockstowatch
USB,Wed Mar 30 03:50:19 +0000 2022,1509015138749358085, USB open interest for maturity 04 01 2022  High put 53 00 High call 60 00 PutCallRatio 0 66  maxpain  options https   t co rnNRoLlSlr https   t co bSd7Fa9jRk
UDR,Wed Mar 30 13:30:23 +0000 2022,1509161116068368385,Nice print for  UDR Size  179410 Price  57 8 Amount   10 369 898 00 Time  930 See more  https   t co nSLJvunGR8 Join https   t co JWvlYbdLod to get REAL TIME prints  Runners    https   t co VC1LdPHaJR Losers    https   t co 9MWV4THfhQ Gappers    https   t co bHQKF1W40n
UDR,Wed Mar 30 10:36:43 +0000 2022,1509117412792274945, UDR  15s  delayed   Issued Press Release on March 30  06 35 00  UDR Prices Public Offering of 7 000 000 Shares of Common Stock https   t co YMdnVm6VXZ
ULTA,Thu Mar 31 20:27:56 +0000 2022,1509628584108953602, ULTA  15s  delayed   Issued Press Release on March 31  16 05 00  Ulta Beauty to Participate in the J P  Morgan Retail Round Up Conference https   t co pYy41sZ01l
ULTA,Thu Mar 31 20:21:03 +0000 2022,1509626851743842305, ULTA Bearish Engulfing Daily appearances since 2010  141 Close 5 days later    Avg  1 30 SD  11 40 Worst   95 01 Best  41 41  10 days later  Avg  1 00 SD  14 85 Worst   95 62 Best  47 26  30 days later  Avg  2 87 SD  20 55 Worst   85 73 Best  55 11
UAA,Wed Mar 30 17:16:52 +0000 2022,1509218112499073024, UAA high OI range is 17 00 to 17 50 for option expiration 04 01 2022 PutCallRatio 1 09  maxpain  options https   t co qEzhQZOnM9 https   t co BZ1OFllsgW
UNP,Thu Mar 31 17:07:41 +0000 2022,1509578189668065280, UNP open interest for maturity 04 01 2022  High put 257 50 High call 265 00 PutCallRatio 1 66  maxpain  options https   t co foFL8c4xdU https   t co c5vQImk2qK
UNP,Wed Mar 30 12:30:00 +0000 2022,1509145920486608898,New Large Cap 52  Week Highs for Mar 29  2022    UNP  276 82  AZN  66 60  ANTM  492 22  CB  218 99  DUK  110 99  CP  83 26  SO  72 07  REGN  699 00  AON  329 46  D  84 90  Research on https   t co jdIQT7KKID
UAL,Thu Mar 31 17:16:16 +0000 2022,1509580347058524165, UAL Strike  40 00 Expiration  2023 01 20 Put  UAL230120P40 Price  4 90 Size  1200 Time  2022 03 31 10 47 37AM Premium   588 000 00
UAL,Thu Mar 31 17:16:16 +0000 2022,1509580347041669134, UAL Strike  42 00 Expiration  2023 01 20 Put  UAL230120P42 Price  5 79 Size  3000 Time  2022 03 31 10 29 56AM Premium   1 737 000 00
UAL,Thu Mar 31 17:16:15 +0000 2022,1509580346764845064, UAL Strike  47 00 Expiration  2022 04 01 Call  UAL220401C47 Price  0 26 Size  1739 Time  2022 03 31 9 32 04AM Premium   45 214 00
UAL,Thu Mar 31 14:54:55 +0000 2022,1509544777729155074, UAL  50 00 Apr 08 2022 CALL     Underlying   46 58   Difference  6 85  Daily   Volume   163 980 Volume  4 555 OI  697 IV  49 87  Bid Ask   0 35  0 37
UAL,Wed Mar 30 18:57:38 +0000 2022,1509243470573182985, UAL  51 00 Apr 14 2022 CALL     Underlying   45 94   Difference  9 93  Daily   Volume   99 120 Volume  2 478 OI  346 IV  49 35  Bid Ask   0 38  0 42
UAL,Wed Mar 30 13:57:40 +0000 2022,1509167981883965447,Closed  0 33  UAL winner   1 00  NIO winner  rolled  WYNN to weekly before earnings https   t co aDWEzR3Pbp
UNH,Thu Mar 31 13:36:08 +0000 2022,1509524952369680398,Stock   UNH        REALTIME TREND     BUY BUY   95 00   SELL   5 00   Try now the Best Pivot Point Calculator   https   t co up9fa2ycp8  tradingview  stocks  stockstowatch
UNH,Wed Mar 30 21:39:05 +0000 2022,1509284101597151268,Stock   UNH        REALTIME TREND     SELL BUY   5 00   SELL   95 00   Try now the Best Pivot Point Calculator   https   t co 5Q3aZlIR0K  tradingview  stocks  stockstowatch
UNH,Wed Mar 30 20:44:31 +0000 2022,1509270369131106305,   UNH price target update    Target Raised by Barclays From  495 00 to  565 00  Day quote change   520 82  1 98   Target upside  8 48   Published  March 30  2022 https   t co 0AZFzVBDst
UNH,Wed Mar 30 19:21:50 +0000 2022,1509249560941453313,BLOCK 263  UNH 09 16 22  550 calls for  21 00   Spot   518 71 Volume  659 OI  51 IV  23 66  Premium   552 3k Sector  Healthcare
UNH,Wed Mar 30 18:42:53 +0000 2022,1509239757502439425,BLOCK 167  UNH 09 16 22  550 calls for  21 00   Spot   518 72 Volume  398 OI  51 IV  23 70  Premium   350 7k Sector  Healthcare
UNH,Wed Mar 30 16:21:06 +0000 2022,1509204077841899528,Stock   UNH        REALTIME TREND     SELL BUY   5 00   SELL   95 00   Try now the Best Pivot Point Calculator   https   t co wuk7IxxHPb  tradingview  stocks  stockstowatch
UNH,Wed Mar 30 14:58:50 +0000 2022,1509183376623775745,2022 03 30 10 55 AM  UNH  UnitedHealthGrp UnitedHealth up 1 06     5 12 billion gain   https   t co GXeDUlasH2  Mar 30  UnitedHealth Group  NYSE UNH  PT Raised to  565 00 at Barclays https   t co VYZ0KUKfnN
UPS,Thu Mar 31 19:03:06 +0000 2022,1509607233977475085,Stock   UPS        REALTIME TREND     BUY BUY   95 00   SELL   5 00   Try now the Best Pivot Point Calculator   https   t co TNatW1mZBb  tradingview  stocks  stockstowatch
UPS,Wed Mar 30 21:45:15 +0000 2022,1509285653988655113,Stock   UPS        REALTIME TREND     BUY BUY   95 00   SELL   5 00   Try now the Best Pivot Point Calculator   https   t co dUVNzaJeZG  tradingview  stocks  stockstowatch
UPS,Wed Mar 30 16:27:06 +0000 2022,1509205587581669376,Stock   UPS        REALTIME TREND     BUY BUY   95 00   SELL   5 00   Try now the Best Pivot Point Calculator   https   t co GSoJGvKaAE  tradingview  stocks  stockstowatch
UPS,Wed Mar 30 00:30:29 +0000 2022,1508964848243257355,Stock   UPS        REALTIME TREND     SELL BUY   5 00   SELL   95 00   Try now the Best Pivot Point Calculator   https   t co OOoIx6Fcdx  tradingview  stocks  stockstowatch
VTR,Thu Mar 31 18:03:00 +0000 2022,1509592108969123848,Ventas  Inc current quarter revenue growth YoY of 11 00  ranked 2325 out of 5722 companies in our database      https   t co 8FoQysYDiV  VTR
VTR,Thu Mar 31 17:45:27 +0000 2022,1509587693713428493, VTR Max Pain is 60 00 for maturity 04 14 2022   maxpain  options https   t co iHTjeyDdXZ https   t co El0LW2ZawM
VZ,Thu Mar 31 20:20:48 +0000 2022,1509626787445166080, VZ Bearish Engulfing Daily appearances since 2010  117 Close 5 days later    Avg  0 10 SD  1 00 Worst   3 00 Best  2 95  10 days later  Avg  0 09 SD  1 34 Worst   4 61 Best  3 05  30 days later  Avg   0 22 SD  2 35 Worst   8 39 Best  5 80
VZ,Thu Mar 31 19:12:08 +0000 2022,1509609508527607809,Stock   VZ        REALTIME TREND     BUY BUY   95 00   SELL   5 00   Try now the Best Pivot Point Calculator   https   t co mXie37L7gW  tradingview  stocks  stockstowatch
VZ,Thu Mar 31 19:09:33 +0000 2022,1509608859291291649,Nice print for  VZ Size  350000 Price  51 1025 Amount   17 885 875 00 Time  1509 See more  https   t co VMc62pz1NV Join https   t co JWvlYbdLod to get REAL TIME prints  Runners    https   t co VC1LdPHaJR Losers    https   t co 9MWV4THfhQ Gappers    https   t co bHQKF1W40n
VZ,Thu Mar 31 19:08:58 +0000 2022,1509608712448921600, VZ Strike  60 00 Expiration  2022 04 14 Call  VZ220414C60 Price  0 02 Size  3500 Time  2022 03 31 3 08 58PM Premium   7 000 00
VZ,Thu Mar 31 17:16:16 +0000 2022,1509580347595386881, VZ Strike  45 00 Expiration  2022 10 21 Put  VZ221021P45 Price  1 18 Size  1000 Time  2022 03 31 12 33 03PM Premium   118 000 00
VZ,Thu Mar 31 14:22:54 +0000 2022,1509536720244686852,Nice print for  VZ Size  250000 Price  51 33 Amount   12 832 500 00 Time  1022 See more  https   t co VMc62pz1NV Join https   t co JWvlYbdLod to get REAL TIME prints  Runners    https   t co VC1LdPHaJR Losers    https   t co 9MWV4THfhQ Gappers    https   t co bHQKF1W40n
VZ,Thu Mar 31 14:02:01 +0000 2022,1509531463439433737, VZ  15s  delayed   Issued Press Release on March 31  10 00 00  Verizon  in partnership with Nova Credit  provides newcomers to the country access to the best 5G https   t co fq2L1Mi5aC
VZ,Thu Mar 31 02:44:02 +0000 2022,1509360844555096067,Long Swing Idea    VZ   Verizon Wireless   Entry    51  51 50    53 00  amp   54 20  Recent News      Verizon Cisco collaboration advances autonomous vehicle tech   Verizon Communications  5  dividend yield   Verizon secures contracts worth nearly  1 bln from U S  defense department https   t co Ey6Mg3xic7
VZ,Wed Mar 30 21:54:07 +0000 2022,1509287885198999556,Stock   VZ        REALTIME TREND     SELL BUY   5 00   SELL   95 00   Try now the Best Pivot Point Calculator   https   t co 1BnDKuEIXe  tradingview  stocks  stockstowatch
VZ,Wed Mar 30 19:46:31 +0000 2022,1509255771988676608,Nice print for  VZ Size  127600 Price  51 515 Amount   6 573 314 00 Time  1546 See more  https   t co VMc62pz1NV Join https   t co JWvlYbdLod to get REAL TIME prints  Runners    https   t co VC1LdPHaJR Losers    https   t co 9MWV4THfhQ Gappers    https   t co bHQKF1W40n
VRTX,Thu Mar 31 12:05:01 +0000 2022,1509502019828350981, VRTX  15s  delayed   Issued Press Release on March 31  08 00 00  Vertex Announces Statistically Significant and Clinically Meaningful Results From Two Phase 2 Proof of Concept Studies of VX 548 for the Treatment of Acute Pain https   t co bIAm4Tp4pW
VTRS,Wed Mar 30 12:02:53 +0000 2022,1509139095695638530, VTRS  15s  delayed   Issued Press Release on March 30  08 00 00  Mapi Pharma Receives U S  Patent Covering Methods of Suppressing or Alleviating Primary or Secondary Progressive Multiple Sclerosis with a Sustained Release Glatiramer Acetate Depot https   t co JpNDvMcsHG
V,Thu Mar 31 01:44:43 +0000 2022,1509345914737106945, V Max Pain 215 00  Maturity 04 01 2022   maxpain  options https   t co eLxd7Wy35n https   t co 7wITK0XK4h
V,Wed Mar 30 21:51:05 +0000 2022,1509287122372603905,Stock   V        REALTIME TREND     BUY BUY   95 00   SELL   5 00   Try now the Best Pivot Point Calculator   https   t co UtjfoF92Vq  tradingview  stocks  stockstowatch
V,Wed Mar 30 00:36:08 +0000 2022,1508966268979884033,Stock   V        REALTIME TREND     SELL BUY   5 00   SELL   95 00   Try now the Best Pivot Point Calculator   https   t co sA8EBFp4ne  tradingview  stocks  stockstowatch
WMT,Thu Mar 31 13:07:49 +0000 2022,1509517826188578816, FB              229 60  325C  RNLX         49 60      51C  WMT         150 00       51C   SPY       458 00 PUTS   461 50 CALL
WMT,Wed Mar 30 22:58:49 +0000 2022,1509304164861415428,3 30 Watchlist      AMZN  C  gt  3345   amp   P  lt  3307  FB  C  gt  229 60   amp   P  lt  226 00  RIVN  C  gt  52 90   amp   P  lt  50 80  WMT  C  gt  150 35   amp   P  lt  149 30  When opening any positions  make sure you wait for confirmations and resistance  amp  support lines      AdamSliverTrade   TheLeague  S3
WMT,Wed Mar 30 22:06:07 +0000 2022,1509290904372359168,Stock   WMT        REALTIME TREND     SELL BUY   5 00   SELL   95 00   Try now the Best Pivot Point Calculator   https   t co 1yLWigU1CT  tradingview  stocks  stockstowatch
WMT,Wed Mar 30 19:59:22 +0000 2022,1509259008346976257, WMT Strike  149 00 Expiration  2022 04 01 Put  WMT220401P149 Price  0 58 Size  1088 Time  2022 03 30 3 59 22PM Premium   63 104 00
WMT,Wed Mar 30 16:45:20 +0000 2022,1509210177504960522,Stock   WMT        REALTIME TREND     SELL BUY   5 00   SELL   95 00   Try now the Best Pivot Point Calculator   https   t co 8GLyqI64rK  tradingview  stocks  stockstowatch
WMT,Wed Mar 30 16:18:18 +0000 2022,1509203374478184458, WMT Why break n hold 150 SL    1  Strong daily resistance lvl 2  Possible Bearish Shark formation  154 00     https   t co dQ641zbH0H https   t co wCPGcLukEM
WMT,Wed Mar 30 16:14:47 +0000 2022,1509202487969992710, WMT BEARISH CYPHER IN PLAY     TARGET 1  146 80  TARGET 2  145 80  SL BREAK N HOLD 150 00   https   t co VoxsSyHfRI
WMT,Wed Mar 30 06:10:00 +0000 2022,1509050288400961537, 2022  newlistings on https   t co 0y5SOcJSp1   WMT  WorldMobileTeam will be listed on  HOTBIT  Users can now deposit WMT  https   t co K0l3SP1imD  in preparation for trading     WMT USDT trading pair will be opened at 08 00 AM  UTC     Welcome to trade  https   t co eYpPxUjV8D
WMT,Wed Mar 30 00:48:07 +0000 2022,1508969283178663941,Stock   WMT        REALTIME TREND     SELL BUY   5 00   SELL   95 00   Try now the Best Pivot Point Calculator   https   t co HnNzNBDDpz  tradingview  stocks  stockstowatch
WBA,Thu Mar 31 21:08:18 +0000 2022,1509638741970731022,DailyDown5  UAVS  1 16  7 94   23 68  5 45   32 56  49 76  W  111 48  8 22   8 15   15 87   43 95  41 48  WBA  44 97  5 25   4 36   0 09   11 35  33 89  WISH  2 25  5 46   7 79   0 88   33 04  49 98  WRBY  33 50  7 00   4 64  15 80   30 19  56 18
WBA,Thu Mar 31 19:15:21 +0000 2022,1509610315235086339,Stock   WBA        REALTIME TREND     BUY BUY   95 00   SELL   5 00   Try now the Best Pivot Point Calculator   https   t co y1hhksjCyU  tradingview  stocks  stockstowatch
WBA,Thu Mar 31 17:38:18 +0000 2022,1509585892905676800,DailyDown5  TDUP  8 00  5 16  0 95   0 31   41 81  50 14  VCSA  8 44  5 80   8 46  15 78  1 93  56 48  WBA  44 87  5 47   4 58   0 32   11 56  33 45
WBA,Thu Mar 31 17:16:16 +0000 2022,1509580347230412827, WBA Strike  46 00 Expiration  2022 04 01 Call  WBA220401C46 Price  0 15 Size  1000 Time  2022 03 31 12 58 34PM Premium   15 000 00
WBA,Thu Mar 31 17:07:19 +0000 2022,1509578096357257216,DailyDown5  VCSA  8 35  6 86   9 49  14 47  0 79  55 40  WBA  45 00  5 18   4 30   0 02   11 30  34 02  WISH  2 25  5 46   7 79   0 88   33 04  49 98  WRBY  34 11  5 30   2 90  17 91   28 92  57 94
WBA,Thu Mar 31 17:00:05 +0000 2022,1509576277916856324,  Today s Top 10 Trending  Stocks   Thu  Mar 31  2022   12 00 PM EST 1   PATH   28 34   2   AMD   7 89   3   CLVS   52 73   4   WBA   5 21   5   MULN   0 50   6   LGVN   66 96   7   SOS   28 48   8   WELL TO   10 77   9   NNOX   17 20   10   HYMC   0 00  
WBA,Thu Mar 31 13:54:07 +0000 2022,1509529478099193859,Stock   WBA        REALTIME TREND     BUY BUY   95 00   SELL   5 00   Try now the Best Pivot Point Calculator   https   t co BhVcrgPpS6  tradingview  stocks  stockstowatch
WBA,Thu Mar 31 11:01:31 +0000 2022,1509486039735353353, WBA  15s  delayed  acc  90   always check  Earnings Release March 31  07 00 00  Q2  Revenue  33 756M  https   t co ahoPIerPYs
WBA,Thu Mar 31 11:01:18 +0000 2022,1509485985247248396, WBA  15s  delayed   Issued Press Release on March 31  07 00 00  Walgreens Boots Alliance Reports Fiscal 2022 Second Quarter Results https   t co TcWtqFmsAh
WBA,Wed Mar 30 19:48:53 +0000 2022,1509256369014157316, WBA Strike  50 00 Expiration  2022 04 14 Call  WBA220414C50 Price  0 47 Size  1112 Time  2022 03 30 3 48 53PM Premium   52 264 00
WM,Wed Mar 30 22:30:01 +0000 2022,1509296919767666695,Nice print for  WM Size  245400 Price  159 45 Amount   39 129 030 00 Time  1830 See more  https   t co SaYrDygMQ1 Join https   t co JWvlYbdLod to get REAL TIME prints  Runners    https   t co VC1LdPHaJR Losers    https   t co 9MWV4THfhQ Gappers    https   t co bHQKF1W40n
WM,Wed Mar 30 17:10:07 +0000 2022,1509216414695051268, WM Max Pain is 155 00 for maturity 04 01 2022   maxpain  options https   t co Uz3zx3BUoM https   t co uP5tLwZjVy
WM,Tue Mar 29 23:46:06 +0000 2022,1508953677159182342,Waste Management  Inc current quarter revenue growth YoY of 15 00  ranked 2049 out of 5722 companies in our database      https   t co yiA7Uw36JJ  WM        https   t co CsdPFQQ6AW
WM,Tue Mar 29 22:30:00 +0000 2022,1508934525988085769,Nice print for  WM Size  201124 Price  157 75 Amount   31 727 311 00 Time  1830 See more  https   t co SaYrDygMQ1 Join https   t co JWvlYbdLod to get REAL TIME prints  Runners    https   t co VC1LdPHaJR Losers    https   t co 9MWV4THfhQ Gappers    https   t co bHQKF1W40n
WAT,Thu Mar 31 18:21:10 +0000 2022,1509596682564128776, WAT  15s  delayed   Issued Press Release on March 31  14 19 00  Samenvatting  Waters introduceert Xevo TQ Absolute   de meest gevoelige en compacte tafelmodel tandem quadrupole massaspectrometer https   t co KZQXkIEuud
WAT,Thu Mar 31 12:05:34 +0000 2022,1509502159393783808, WAT  15s  delayed   Issued Press Release on March 31  08 00 00  Waters Introduces Xevo TQ Absolute   The Most Sensitive and Compact Benchtop Tandem Quadrupole Mass Spectrometer https   t co aODTY41EoR
WAT,Wed Mar 30 02:06:20 +0000 2022,1508988970184675331, WAT Max Pain 330 00  Maturity 04 14 2022   maxpain  options https   t co o7Fy0Cq3Z6 https   t co SneZAiFL4r
WFC,Thu Mar 31 21:45:33 +0000 2022,1509648114432372740,   WFC price target update    Target Lowered by Piper Sandler From  67 00 to  63 00  Day quote change   48 41   3 23   Target upside  30 14   Published  March 31  2022 https   t co iqUlV5jFsh
WFC,Thu Mar 31 19:18:08 +0000 2022,1509611017914880001,Stock   WFC        REALTIME TREND     BUY BUY   95 00   SELL   5 00   Try now the Best Pivot Point Calculator   https   t co mPrGIyHbQA  tradingview  stocks  stockstowatch
WFC,Thu Mar 31 18:49:24 +0000 2022,1509603787006169090,Nice to see that my top 10 US bank fund is doing well today  tfc  2 32   wfc  2 38  bac   3 00   usb   2 26   pnc   1 94   bk   2 76   jpm 2 06   cof  1 42   tp   1 34   c 2 11 
WFC,Thu Mar 31 17:16:16 +0000 2022,1509580347754700802, WFC Strike  52 00 Expiration  2022 04 14 Call  WFC220414C52 Price  0 64 Size  1119 Time  2022 03 31 10 40 25AM Premium   71 616 00
WFC,Thu Mar 31 17:16:16 +0000 2022,1509580347704369187, WFC Strike  55 00 Expiration  2022 04 14 Call  WFC220414C55 Price  0 22 Size  10000 Time  2022 03 31 10 58 00AM Premium   220 000 00
WFC,Thu Mar 31 17:16:16 +0000 2022,1509580347364691968, WFC Strike  55 00 Expiration  2022 04 14 Call  WFC220414C55 Price  0 19 Size  10000 Time  2022 03 31 10 40 15AM Premium   190 000 00
WFC,Thu Mar 31 17:16:16 +0000 2022,1509580347230412824, WFC Strike  42 50 Expiration  2024 01 19 Put  WFC240119P42 5 Price  4 80 Size  2200 Time  2022 03 31 12 26 49PM Premium   1 056 000 00
WFC,Thu Mar 31 17:16:16 +0000 2022,1509580347226218545, WFC Strike  44 00 Expiration  2022 05 06 Put  WFC220506P44 Price  0 56 Size  1388 Time  2022 03 31 10 06 02AM Premium   77 728 00
WFC,Thu Mar 31 17:16:16 +0000 2022,1509580347054252040, WFC Strike  44 00 Expiration  2022 05 06 Put  WFC220506P44 Price  0 55 Size  1387 Time  2022 03 31 10 06 02AM Premium   76 285 00
WFC,Wed Mar 30 22:03:05 +0000 2022,1509290142304976902,Stock   WFC        REALTIME TREND     BUY BUY   95 00   SELL   5 00   Try now the Best Pivot Point Calculator   https   t co VACfLGZywn  tradingview  stocks  stockstowatch
WDC,Wed Mar 30 16:58:14 +0000 2022,1509213424080760836, WDC Strike  50 00 Expiration  2023 01 20 Put  WDC230120P50 Price  6 80 Size  1100 Time  2022 03 30 12 58 14PM Premium   748 000 00
WDC,Wed Mar 30 14:03:12 +0000 2022,1509169374208270339, WDC Strike  55 00 Expiration  2022 07 15 Call  WDC220715C55 Price  3 35 Size  1000 Time  2022 03 30 10 03 12AM Premium   335 000 00
WDC,Wed Mar 30 08:01:51 +0000 2022,1509078437335556098, WDC  15s  delayed   Issued Press Release on March 30  04 00 00  Samsung and Western Digital Begin Far reaching Collaboration to Drive Standardization of Next generation Storage Technologies for Broader Ecosystem Support and Customer Adoption https   t co TWh16h6h6b
WDC,Wed Mar 30 02:47:30 +0000 2022,1508999326772695042, WDC open interest for maturity 04 01 2022  High put 49 50 High call 55 00 PutCallRatio 0 62  maxpain  options https   t co K1rMakTox8 https   t co y7NF9LYn2Z
WDC,Wed Mar 30 00:03:07 +0000 2022,1508957961556840450, WDC  15s  delayed   Issued Press Release on March 29  20 00 00  Samsung and Western Digital Begin Far reaching Collaboration to Drive Standardization of Next generation Storage Technologies for Broader Ecosystem Support and Customer Adoption https   t co ImIINHUTAf
WRK,Thu Mar 31 21:14:42 +0000 2022,1509640351295983620,Top 1 hour crypto losers   BA  99 93   BBY  97 22   BXY  79 95   ARRB  78 12   DGD  69 09   CNDL  58 22   BULLDOG  50 00   PRNT  46 92   CCG  44 80   FUND  38 64   WSOW  32 94   VPX  30 95   WRK  30 63   MANY  30 50   PRCH  29 70   X42  24 42   EWT  23 25   SBEAR  22 94 
WRK,Thu Mar 31 11:01:07 +0000 2022,1509485937973248002, WRK  15s  delayed   Issued Press Release on March 31  07 00 00  Alpa Sutaria Joins WestRock as Senior Vice President  Strategy and Sustainability https   t co zwN3RTpTyH
WRK,Wed Mar 30 21:01:14 +0000 2022,1509274575170899970, WRK  15s  delayed   Issued Press Release on March 30  17 00 00  WestRock Announces Conference Call to Discuss Second Quarter Fiscal 2022 Results https   t co B6bgs9CBaj
WRK,Wed Mar 30 20:14:41 +0000 2022,1509262863076139013,Top 1 hour crypto gainers   LCMS  262 34   SMT  125 00   BIBA  100 00   BFF  99 86   CEX  91 48   VPX  82 30   CANN  80 57   SMAC  71 68   RMBL  61 42   WRK  51 40   PNT  49 76   UPX  49 57   ELONBANK  41 35   TR3  38 30   CCG  37 24   YETIC  34 92   SORA  33 24   YINBI  32 83 
WHR,Wed Mar 30 21:01:49 +0000 2022,1509274722923544579,   WHR price target update    Target Lowered by JPMorgan Chase  amp  Co  From  295 00 to  221 00  Day quote change   180 25   3 63   Target upside  22 61   Published  March 30  2022 https   t co PmCyjRkJtW
