MMM,Thu Mar 31 22:51:05 +0000 2022,1509664608344322049,Stock   MMM        REALTIME TREND     BUY BUY   95 00   SELL   5 00   Try now the Best Pivot Point Calculator   https   t co Q5ES63osKo  tradingview  stocks  stockstowatch
MMM,Thu Mar 31 22:30:02 +0000 2022,1509659309642240003,Nice print for  MMM Size  576925 Price  148 88 Amount   85 892 594 00 Time  1830 See more  https   t co x8vyKsOMns Join https   t co JWvlYbdLod to get REAL TIME prints  Runners    https   t co VC1LdPHaJR Losers    https   t co 9MWV4THfhQ Gappers    https   t co bHQKF1W40n
MMM,Thu Mar 31 20:28:37 +0000 2022,1509628755890868225, MMM open interest for maturity 04 01 2022  High put 146 00 High call 152 50 PutCallRatio 0 87  maxpain  options https   t co QUOv8vhRyY https   t co ExqCGRVKuk
MMM,Thu Mar 31 17:33:06 +0000 2022,1509584583473385480,Stock   MMM        REALTIME TREND     BUY BUY   95 00   SELL   5 00   Try now the Best Pivot Point Calculator   https   t co Dr8tmz4fv3  tradingview  stocks  stockstowatch
MMM,Tue Mar 29 23:03:05 +0000 2022,1508942853640138753,Stock   MMM        REALTIME TREND     SELL BUY   5 00   SELL   95 00   Try now the Best Pivot Point Calculator   https   t co TD2w7OyBbW  tradingview  stocks  stockstowatch
ABT,Thu Mar 31 19:33:06 +0000 2022,1509614784148213768,Stock   ABT        REALTIME TREND     BUY BUY   95 00   SELL   5 00   Try now the Best Pivot Point Calculator   https   t co W8CKgFz1jW  tradingview  stocks  stockstowatch
ABT,Thu Mar 31 12:40:44 +0000 2022,1509511007911219206, ABT high OI range is 119 00 to 126 00 for option expiration 04 01 2022 PutCallRatio 0 88  maxpain  options https   t co evVhhahgh9 https   t co 90OJl26Mwd
ABT,Wed Mar 30 17:08:10 +0000 2022,1509215921822347271, ABT Strike  130 00 Expiration  2022 05 20 Call  ABT220520C130 Price  0 78 Size  1500 Time  2022 03 30 1 08 10PM Premium   117 000 00
ABT,Wed Mar 30 11:33:39 +0000 2022,1509131739272294406, ABT  15s  delayed   Issued Press Release on March 30  07 30 00  Abbott and LISC Team Up to Address Diversity and Equity Gaps in the Healthcare Industry Supply Chain https   t co NttHhnGfs7
ABBV,Thu Mar 31 17:16:15 +0000 2022,1509580346760650755, ABBV Strike  135 00 Expiration  2022 11 18 Call  ABBV221118C135 Price  30 78 Size  1099 Time  2022 03 31 11 33 52AM Premium   3 382 722 00
ABBV,Wed Mar 30 22:15:20 +0000 2022,1509293223352709129,Stock   ABBV        REALTIME TREND     SELL BUY   5 00   SELL   95 00   Try now the Best Pivot Point Calculator   https   t co 5PX73lNAlb  tradingview  stocks  stockstowatch
ACN,Thu Mar 31 14:18:09 +0000 2022,1509535524385611782,Stock   ACN        REALTIME TREND     SELL BUY   5 00   SELL   95 00   Try now the Best Pivot Point Calculator   https   t co CZpTFIvcGq  tradingview  stocks  stockstowatch
ACN,Wed Mar 30 16:05:17 +0000 2022,1509200097518755846, ACN open interest for maturity 04 01 2022  High put 315 00 High call 490 00 PutCallRatio 0 80  maxpain  options https   t co FXbCMwmHRL https   t co 6r536TzNQo
ATVI,Wed Mar 30 15:00:03 +0000 2022,1509183681432371200,Nice print for  ATVI Size  250000 Price  80 39 Amount   20 097 500 00 Time  1100 See more  https   t co CZRoPYStHJ Join https   t co JWvlYbdLod to get REAL TIME prints  Runners    https   t co VC1LdPHaJR Losers    https   t co 9MWV4THfhQ Gappers    https   t co bHQKF1W40n
ATVI,Wed Mar 30 14:50:06 +0000 2022,1509181177281716224, ATVI Strike  70 00 Expiration  2023 01 20 Put  ATVI230120P70 Price  2 35 Size  1428 Time  2022 03 30 10 50 06AM Premium   335 580 00
ATVI,Wed Mar 30 14:19:55 +0000 2022,1509173582647074820, ATVI Strike  80 00 Expiration  2022 05 20 Call  ATVI220520C80 Price  1 25 Size  1888 Time  2022 03 30 10 19 55AM Premium   236 000 00
ADM,Wed Mar 30 14:00:31 +0000 2022,1509168697868533768,Archer Daniels Midland Co    ADM    QUOTE  ADM is UP   on Wed Mar 30 Currently at 89 00 USD for a 1 32  gain from previous close          ANALYSIS Archer Daniels Midland Co should be nationalized      
ADBE,Thu Mar 31 20:01:40 +0000 2022,1509621971293769728, ADBE 13 has crossed below    48 and ERROR retrieving 200 data  check manually  for the 15m intverval  04 00 03 PM
ADP,Wed Mar 30 19:13:16 +0000 2022,1509247405413199874,2022 03 30 3 05 PM  ADP  ADP Automatic Data Processing up 1 17     1 00 billion gain   https   t co ivgQeNQvQi  Mar 30  ADP  455K  Led by Leisure  amp  Hospitality Again https   t co xLJPln2J76
ADP,Wed Mar 30 12:21:59 +0000 2022,1509143903257214978, ADP  15s  delayed   Issued Press Release on March 30  08 15 00  ADP National Employment Report  Private Sector Employment Increased by 455 000 Jobs in March https   t co H0YfwhocgJ
ADP,Wed Mar 30 11:52:36 +0000 2022,1509136506409328644,XAUUSD is trading at 1923 00  the instrument is moving below Ichimoku Cloud  thus indicating a descending tendency  The markets could indicate that the price may test the cloud s downside border at 1925 00 and then resume moving downwards to reach 1835 00    XAUUSD  ADP  NFP https   t co IXo6jhUbes
AES,Wed Mar 30 19:01:09 +0000 2022,1509244357114834952,Nice print for  AES Size  125000 Price  25 35 Amount   3 168 750 00 Time  1501 See more  https   t co SlUBOPYiJB Join https   t co JWvlYbdLod to get REAL TIME prints  Runners    https   t co VC1LdPHaJR Losers    https   t co 9MWV4THfhQ Gappers    https   t co bHQKF1W40n
AES,Wed Mar 30 19:00:51 +0000 2022,1509244279436320768,Nice print for  AES Size  125000 Price  25 35 Amount   3 168 750 00 Time  1500 See more  https   t co SlUBOPYiJB Join https   t co JWvlYbdLod to get REAL TIME prints  Runners    https   t co VC1LdPHaJR Losers    https   t co 9MWV4THfhQ Gappers    https   t co bHQKF1W40n
AES,Wed Mar 30 18:52:49 +0000 2022,1509242260566720516,Nice print for  AES Size  125000 Price  25 43 Amount   3 178 750 00 Time  1452 See more  https   t co SlUBOPYiJB Join https   t co JWvlYbdLod to get REAL TIME prints  Runners    https   t co VC1LdPHaJR Losers    https   t co 9MWV4THfhQ Gappers    https   t co bHQKF1W40n
AFL,Wed Mar 30 22:30:02 +0000 2022,1509296921109749765,Nice print for  AFL Size  341106 Price  65 5 Amount   22 342 443 00 Time  1830 See more  https   t co Tniza8nSU0 Join https   t co JWvlYbdLod to get REAL TIME prints  Runners    https   t co VC1LdPHaJR Losers    https   t co 9MWV4THfhQ Gappers    https   t co bHQKF1W40n
A,Thu Mar 31 19:28:00 +0000 2022,1509613502847418369, a leading higher education online facilitator  15s  delayed   Issued Press Release on March 31  15 23 00  Academic Partnerships Wins Comparably Awards for  Best Places to Work in Dallas  and  Best Marketing Teams  https   t co oIz3p9G07t
A,Thu Mar 31 07:31:21 +0000 2022,1509433149448769536, a  15s  delayed   Issued Press Release on March 31  03 30 00  EMEA Security Solutions Provider SecureAppbox Chooses Vonage Video Express to Power Secure Video Conferencing Platform https   t co nGPTMjiPmN
A,Thu Mar 31 01:14:19 +0000 2022,1509338267392655361, a  15s  delayed   Issued Press Release on March 30  21 11 00  Douglas Emmett Announces Dates for Its 2022 First Quarter Earnings Results and Live Conference Call https   t co pp3PWcGoXh
A,Wed Mar 30 23:10:58 +0000 2022,1509307225730433025, cryptoprices Live Crypto Prices  24h change   BTC   46 973 00   0 77   ETH   3 380 72   0 14   ADA   1 19   0 52   MKR   2 166 22   3 16   AVAX   95 54   4 49   SOL   119 88   8 05   XMR   222 37   1 17    Powered by CoinGecko API  BTC  ETH  ADA  MKR  A  https   t co yxjEaT3YtU
A,Wed Mar 30 21:01:30 +0000 2022,1509274644033032201, a  15s  delayed   Issued Press Release on March 30  17 00 00  Dun  amp amp  Bradstreet Enters Agreement to Divest Assets of German Business to Consumer Marketing Solutions Business https   t co cAt6CQS7o6
A,Wed Mar 30 20:25:33 +0000 2022,1509265596210454530, a  15s  delayed   Issued Press Release on March 30  16 24 00  PagerDuty Appoints Shelley Webb as New Senior Vice President  General Counsel https   t co UpaGgfGgSt
A,Wed Mar 30 19:12:25 +0000 2022,1509247192103624705, cryptoprices Live Crypto Prices  24h change   BTC   47 303 00   0 46   ETH   3 407 94   0 15   BNB   446 34   2 78   LINK   17 31   2 47   AVAX   98 13   5 69   FTT   51 60   0 77   ATOM   30 82   1 73    Powered by CoinGecko API  BTC  ETH  BNB  LINK  A  https   t co yxjEaT3YtU
A,Wed Mar 30 15:05:59 +0000 2022,1509185173719552001, a  15s  delayed   Issued Press Release on March 30  11 00 00  Impinj Hires Christina Balam as Vice President of Human Resources https   t co dJvdsUyYk0
A,Wed Mar 30 13:24:33 +0000 2022,1509159647344840708, A Max Pain is 140 00 for maturity 04 14 2022   maxpain  options https   t co JWdNPrRAld https   t co XLdKS59Uay
A,Wed Mar 30 12:22:01 +0000 2022,1509143910014193671, a  15s  delayed   Issued Press Release on March 30  08 12 00  Sales of Missfresh s Private Label Fresh Food Brand Surged 300  For Q4 2021 https   t co y4gHZi2HE2
AIG,Thu Mar 31 12:35:41 +0000 2022,1509509738249211908, AIG  15s  delayed   Issued Press Release on March 31  08 31 00  AIG Announces Cash Tender Offers for Certain Outstanding Notes https   t co Ems8X0x1s3
AKAM,Wed Mar 30 22:12:25 +0000 2022,1509292491199197187,Insider Edward J McGowan reports selling 3 805 shares of  AKAM for a total cost of  456 600 00 https   t co FXXicWho1u
AKAM,Wed Mar 30 19:15:01 +0000 2022,1509247846100447243,Akamai Technologies  Inc current quarter revenue growth YoY of 7 00  ranked 2642 out of 5722 companies in our database      https   t co N4HfRPqNXP  AKAM
ARE,Thu Mar 31 12:43:03 +0000 2022,1509511593171853319, ARE  15s  delayed   Issued Press Release on March 31  08 30 00  Alexandria Venture Investments Recognized as One of the Top Five Most Active U S  Investors in Agrifoodtech for Second Consecutive Year https   t co RUookRLpef
ARE,Wed Mar 30 03:44:19 +0000 2022,1509013628745302023, ARE Max Pain is 195 00 for maturity 04 14 2022   maxpain  options https   t co zPanEzwitt https   t co p066d8qHmu
ALGN,Wed Mar 30 19:28:45 +0000 2022,1509251301657526274, ALGN open interest for maturity 04 01 2022  High put 260 00 High call 660 00 PutCallRatio 0 23  maxpain  options https   t co yIyX8HIS6N https   t co CcSgGN76G3
LNT,Thu Mar 31 23:16:25 +0000 2022,1509670982763618307, LNT high OI range is 60 00 to 65 00 for option expiration 04 14 2022 PutCallRatio 0 26  maxpain  options https   t co sgRN8gg34p https   t co nzLiYvuWde
ALL,Thu Mar 31 12:30:34 +0000 2022,1509508451076038661,Top 5  crypto losers in the past 24 hours     Vita Inu  Lost   42 79     MYCE  Lost   25 03     All Sports  Lost   24 00     StarSharks  SSS   Lost   23 11     DOSE  Lost   18 85     Sell like  HODL retweet 
GOOGL,Thu Mar 31 21:51:05 +0000 2022,1509649510200393733,Stock   GOOGL        REALTIME TREND     BUY BUY   95 00   SELL   5 00   Try now the Best Pivot Point Calculator   https   t co lNvqCZYgjy  tradingview  stocks  stockstowatch
GOOGL,Thu Mar 31 20:10:10 +0000 2022,1509624111873630213, GOOGL has hit a week low of 2786 7327 at 20 00 on 31 Mar  trading  Alert https   t co d6iFQvT4kg
GOOGL,Thu Mar 31 16:33:06 +0000 2022,1509569484742344704,Stock   GOOGL        REALTIME TREND     BUY BUY   95 00   SELL   5 00   Try now the Best Pivot Point Calculator   https   t co FweNBY9u20  tradingview  stocks  stockstowatch
GOOGL,Wed Mar 30 23:12:39 +0000 2022,1509307646515417088, GOOGL  GOOG Based on 30 Wall Street analysts offering 12 month price targets for Alphabet Class A in the last 3 months  The average price target is  3 490 00 with a high forecast of  3 900 00
GOOGL,Wed Mar 30 20:21:12 +0000 2022,1509264502927212544, GOOGL Evening Star Daily appearances since 2010  13 Close 5 days later    Avg   14 14 SD  69 29 Worst   202 04 Best  79 55  10 days later  Avg   30 00 SD  82 24 Worst   211 02 Best  67 37  30 days later  Avg   14 89 SD  128 87 Worst   399 96 Best  84 89
GOOGL,Wed Mar 30 20:12:33 +0000 2022,1509262324464562178, KGKG the time is here  get in early with  KGKG to  1 00   gme  amc  sndl  amzn  spy  qqq  goog  googl  riot  Bitcoin get in with  KGKG https   t co jWimCHE61A
GOOGL,Wed Mar 30 18:01:34 +0000 2022,1509229361626550282, GOOGL 13 has crossed below    48 and ERROR retrieving 200 data  check manually  for the 15m intverval  02 00 03 PM
GOOGL,Wed Mar 30 15:39:16 +0000 2022,1509193550533218306,Entering  googl 4 14 2900 call try and fill under 26 00  Also entering  qqq puts 4 6 360 at 2 00 for a little protection
GOOGL,Wed Mar 30 13:47:20 +0000 2022,1509165381172154371,Today s Market Heatmap   March 30   TSLA  0 76   AAPL  0 01   C  0 45   AMZN  0 26   MU  4 75   GOOGL  0 03   LULU  6 20   GOOG  0 17   TTE  0 91   BNTX  7 61   AER  8 19   MSFT  0 42   NVDA  1 23   HSBC  0 78   FDX  1 00   CVS  0 07  https   t co gMB8bQwmge
GOOG,Thu Mar 31 21:48:07 +0000 2022,1509648763530489868,Stock   GOOG        REALTIME TREND     BUY BUY   95 00   SELL   5 00   Try now the Best Pivot Point Calculator   https   t co fbWnbqz2ul  tradingview  stocks  stockstowatch
GOOG,Thu Mar 31 16:30:28 +0000 2022,1509568823581724676,Stock   GOOG        REALTIME TREND     BUY BUY   95 00   SELL   5 00   Try now the Best Pivot Point Calculator   https   t co XkSL6mKyyV  tradingview  stocks  stockstowatch
GOOG,Thu Mar 31 14:34:59 +0000 2022,1509539759458295819, GOOG 03 17 23  2800 00 PUT  Type  large Time  09 18 04 Total Size  47 Contracts Total Value   1345751 Average Price   286 33 Ask   292 Bid   280 7 Underlying   2820 48 Sentiment  neutral
GOOG,Wed Mar 30 23:12:39 +0000 2022,1509307646515417088, GOOGL  GOOG Based on 30 Wall Street analysts offering 12 month price targets for Alphabet Class A in the last 3 months  The average price target is  3 490 00 with a high forecast of  3 900 00
GOOG,Wed Mar 30 20:12:33 +0000 2022,1509262324464562178, KGKG the time is here  get in early with  KGKG to  1 00   gme  amc  sndl  amzn  spy  qqq  goog  googl  riot  Bitcoin get in with  KGKG https   t co jWimCHE61A
GOOG,Wed Mar 30 13:47:20 +0000 2022,1509165381172154371,Today s Market Heatmap   March 30   TSLA  0 76   AAPL  0 01   C  0 45   AMZN  0 26   MU  4 75   GOOGL  0 03   LULU  6 20   GOOG  0 17   TTE  0 91   BNTX  7 61   AER  8 19   MSFT  0 42   NVDA  1 23   HSBC  0 78   FDX  1 00   CVS  0 07  https   t co gMB8bQwmge
GOOG,Wed Mar 30 10:59:24 +0000 2022,1509123119071514630,3 29 side recap   CME   1 51    3 59   AMZN   0 19    6 49   MGM   3 37    1 42   GOOG   0 92    26 00   TLRY   4 13    0 33  Overall gain   7 1    STB 
MO,Thu Mar 31 17:36:08 +0000 2022,1509585348967514132,Stock   MO        REALTIME TREND     SELL BUY   5 00   SELL   95 00   Try now the Best Pivot Point Calculator   https   t co A8FKN9t8Eh  tradingview  stocks  stockstowatch
MO,Thu Mar 31 13:24:04 +0000 2022,1509521913856638978, MO open interest for maturity 04 01 2022  High put 50 00 High call 53 00 PutCallRatio 0 79  maxpain  options https   t co PRhYmvd9iq https   t co gIPy7fWFKI
MO,Wed Mar 30 02:13:52 +0000 2022,1508990866072997902, MO high OI range is 50 00 to 53 00 for option expiration 04 01 2022 PutCallRatio 0 68  maxpain  options https   t co PRhYmvd9iq https   t co OKZe22lcOd
AMZN,Thu Mar 31 20:20:20 +0000 2022,1509626670419832832, DailyRecap 3 31 Last day of March   Only took 1 play today  but like  karmaoptions says sometimes that s all you need    amzn 3200p went 1 30   gt  4 00 for over 200   Told room 3300 level was key  was patient until we saw the 3300 retest  then came the flush to 2960  https   t co UkZgYBEjzQ
AMZN,Thu Mar 31 19:51:06 +0000 2022,1509619315368251394,Stock   AMZN        REALTIME TREND     BUY BUY   95 00   SELL   5 00   Try now the Best Pivot Point Calculator   https   t co 9ZrHwT42jk  tradingview  stocks  stockstowatch
AMZN,Thu Mar 31 18:47:30 +0000 2022,1509603307496476695, AMZN is at  3 306 00   0 60   https   t co 7d7sPEwAQz https   t co QImc7gslDa
AMZN,Thu Mar 31 18:24:28 +0000 2022,1509597512440680451,Twitter s on the Rise     AMD  Price   109 67  Mentions  52  VDRM  Price   0 01  Mentions  49  AAPL  Price   176 37  Mentions  48  QQQ  Price   365 04  Mentions  41  AMZN  Price   3 301 00  Mentions  33   stocks  investing  trading
AMZN,Thu Mar 31 18:15:53 +0000 2022,1509595351057149952, AMZN high OI range is 2700 00 to 3500 00 for option expiration 04 01 2022 PutCallRatio 0 96  maxpain  options https   t co IZflzlJgkZ https   t co b8WNlCfwIV
AMZN,Thu Mar 31 17:16:16 +0000 2022,1509580346966171650, AMZN Strike  3000 00 Expiration  2022 06 17 Put  AMZN220617P3000 Price  77 80 Size  1100 Time  2022 03 31 10 50 03AM Premium   8 558 000 00
AMZN,Thu Mar 31 16:27:26 +0000 2022,1509568058989240330,BLOCK 500  AMZN 04 01 22  3225 puts for  5 00   Spot   3293 19 Volume  691 OI  370 IV  35 50  Premium   250 0k Sector  Consumer Cyclical
AMZN,Thu Mar 31 15:49:04 +0000 2022,1509558402971848706, AMZN  2 950 00 Apr 08 2022 PUT     Underlying   3 300 97   Difference  11 90  Daily   Volume   418 321 Volume  1 807 OI  277 IV  39 28  Bid Ask   2 14  2 49
AMZN,Thu Mar 31 15:48:50 +0000 2022,1509558343937011718, AMZN  3 000 00 Apr 08 2022 PUT     Underlying   3 301 51   Difference  10 05  Daily   Volume   1 258 930 Volume  3 758 OI  539 IV  36 83  Bid Ask   3 15  3 55
AMZN,Thu Mar 31 15:09:59 +0000 2022,1509548567916158981, AMZN 04 22 22  3345 00 PUT  Type  large Time  09 52 54 Total Size  116 Contracts Total Value   1188768 Average Price   102 48 Ask   106 95 Bid   104 35 Underlying   3312 89 Sentiment  bullish
AMCR,Thu Mar 31 09:00:29 +0000 2022,1509455580448055302,Amcor PLC    AMCR    QUOTE  AMCR was DOWN   on Wed Mar 30 Closed at 11 53 USD for a 0 00  loss from previous close          ANALYSIS Amcor PLC should be nationalized      
AMD,Thu Mar 31 23:03:55 +0000 2022,1509667838503448600,   AMD price target update    Downgraded by Barclays From  148 00 to  115 00  Day quote change   109 91   7 8   Target upside  4 63   Published  March 31  2022 https   t co aucq92N4m1
AMD,Thu Mar 31 23:02:41 +0000 2022,1509667527458459648, AMD Option to look at today         110 00 Call for Friday  May 20  2022  Roughly 2 Million dollars       Learn more on StockOrbit  Link on profile    
AMD,Thu Mar 31 23:01:52 +0000 2022,1509667323308699666, AMD I have 9  118 April 8th calls I bought for 1 00 each   they were going for 4 00 7 00 yesterday  I thought it was a deal   
AMD,Thu Mar 31 20:01:27 +0000 2022,1509621916641882113,Nice print for  AMD Size  300000 Price  109 62 Amount   32 886 000 00 Time  1601 See more  https   t co Q9A5KSatjp Join https   t co JWvlYbvmfL to get REAL TIME prints  Runners    https   t co VC1LdPYLBp Losers    https   t co 9MWV4TYQ9o Gappers    https   t co bHQKF2dERV
AMD,Thu Mar 31 19:56:14 +0000 2022,1509620606119067654, AMD  120 00 Apr 08 2022 CALL     Underlying   110 56   Difference  7 87  Daily   Volume   1 285 928 Volume  17 985 OI  3 395 IV  51 37  Bid Ask   0 71  0 72
AMD,Thu Mar 31 19:39:48 +0000 2022,1509616469826576384, AMD 4 8  114 Call   2 00
AMD,Thu Mar 31 18:24:28 +0000 2022,1509597512440680451,Twitter s on the Rise     AMD  Price   109 67  Mentions  52  VDRM  Price   0 01  Mentions  49  AAPL  Price   176 37  Mentions  48  QQQ  Price   365 04  Mentions  41  AMZN  Price   3 301 00  Mentions  33   stocks  investing  trading
AMD,Thu Mar 31 18:12:21 +0000 2022,1509594462539890688,Nice print for  AMD Size  500000 Price  109 1725 Amount   54 586 250 00 Time  1412 See more  https   t co Q9A5KRSSrR Join https   t co JWvlYbdLod to get REAL TIME prints  Runners    https   t co VC1LdPHaJR Losers    https   t co 9MWV4THfhQ Gappers    https   t co bHQKF1W40n
AMD,Thu Mar 31 18:02:54 +0000 2022,1509592084566659076, AMD  116 00 Apr 08 2022 CALL     Underlying   109 81   Difference  5 34  Daily   Volume   480 870 Volume  3 562 OI  519 IV  52 38  Bid Ask   1 34  1 36
AMD,Thu Mar 31 17:52:42 +0000 2022,1509589518210547714,Twitter s Top Stocks     CLVS  Price   2 54  Mentions  112  SPY  Price   457 27  Mentions  87  TSLA  Price   1 093 00  Mentions  70  SPX  Price  None  Mentions  62  AMD  Price   110 19  Mentions  50   stocks  investing  trading
AEE,Thu Mar 31 18:10:45 +0000 2022,1509594058586574851, AEE Max Pain 85 00  Maturity 04 14 2022   maxpain  options https   t co 2OVIORMlgf https   t co S1aK24OdDH
AAL,Thu Mar 31 23:37:04 +0000 2022,1509676180793962498,American Airlines Group Inc current quarter revenue growth YoY of 134 00  ranked 365 out of 5722 companies in our database      https   t co BJVjHDCwGB  AAL
AAL,Thu Mar 31 19:23:21 +0000 2022,1509612331281485881,Nice print for  AAL Size  130000 Price  18 2838 Amount   2 376 894 00 Time  1523 See more  https   t co uDT2Q6TSct Join https   t co JWvlYbvmfL to get REAL TIME prints  Runners    https   t co VC1LdPYLBp Losers    https   t co 9MWV4TYQ9o Gappers    https   t co bHQKF2dERV
AAL,Thu Mar 31 17:16:16 +0000 2022,1509580347687591945, AAL Strike  18 00 Expiration  2022 04 14 Call  AAL220414C18 Price  0 92 Size  13300 Time  2022 03 31 12 51 42PM Premium   1 223 600 00
AAL,Thu Mar 31 17:16:16 +0000 2022,1509580347670814778, AAL Strike  10 00 Expiration  2023 06 16 Put  AAL230616P10 Price  1 01 Size  1500 Time  2022 03 31 1 03 25PM Premium   151 500 00
AAL,Thu Mar 31 17:16:16 +0000 2022,1509580347603705870, AAL Strike  18 00 Expiration  2022 04 14 Put  AAL220414P18 Price  0 57 Size  13300 Time  2022 03 31 12 51 42PM Premium   758 100 00
AAL,Thu Mar 31 17:16:16 +0000 2022,1509580347226304516, AAL Strike  10 00 Expiration  2023 06 16 Put  AAL230616P10 Price  1 01 Size  1000 Time  2022 03 31 12 50 09PM Premium   101 000 00
AAL,Thu Mar 31 17:16:16 +0000 2022,1509580347222028289, AAL Strike  12 00 Expiration  2023 01 20 Put  AAL230120P12 Price  1 01 Size  1500 Time  2022 03 31 1 03 25PM Premium   151 500 00
AAL,Wed Mar 30 23:06:06 +0000 2022,1509306001383637000,American Airlines Group Inc current quarter revenue growth YoY of 134 00  ranked 365 out of 5722 companies in our database      https   t co SoJdespAV4  AAL        https   t co EJOfgljIJt
AAL,Wed Mar 30 16:49:00 +0000 2022,1509211098066694145,Nice print for  AAL Size  133500 Price  18 1 Amount   2 416 350 00 Time  1249 See more  https   t co uDT2Q6ChkV Join https   t co JWvlYbdLod to get REAL TIME prints  Runners    https   t co VC1LdPHaJR Losers    https   t co 9MWV4THfhQ Gappers    https   t co bHQKF1W40n
AAL,Wed Mar 30 16:43:43 +0000 2022,1509209769243918336, AAL Strike  8 00 Expiration  2023 01 20 Put  AAL230120P8 Price  0 42 Size  14985 Time  2022 03 30 12 43 43PM Premium   629 370 00
AEP,Wed Mar 30 15:54:04 +0000 2022,1509197274907234313, AEP heading for 2020 pre covid highs    Break and hold over 99 00 should send it    Contract idea    4 14  100 Call
AEP,Wed Mar 30 15:25:42 +0000 2022,1509190135119859717, AEP  15s  delayed   Issued Press Release on March 30  11 00 00  AEP NAMES NESSING CHIEF SUSTAINABILITY OFFICER https   t co up7lG8BIL8
AEP,Wed Mar 30 03:23:01 +0000 2022,1509008265992028160,   AEP price target update    Target Raised by Mizuho From  94 00 to  104 00  Day quote change   98 1  0 57   Target upside  6 01   Published  March 29  2022 https   t co fXccPSsfia
AXP,Thu Mar 31 22:30:02 +0000 2022,1509659311244468229,Nice print for  AXP Size  705045 Price  187 Amount   131 843 415 00 Time  1830 See more  https   t co nc8eSiXFv7 Join https   t co JWvlYbdLod to get REAL TIME prints  Runners    https   t co VC1LdPHaJR Losers    https   t co 9MWV4THfhQ Gappers    https   t co bHQKF1W40n
AXP,Thu Mar 31 19:57:06 +0000 2022,1509620825204404233,Stock   AXP        REALTIME TREND     BUY BUY   95 00   SELL   5 00   Try now the Best Pivot Point Calculator   https   t co gmpXXN0sxJ  tradingview  stocks  stockstowatch
AXP,Thu Mar 31 17:16:16 +0000 2022,1509580347565957120, AXP Strike  150 00 Expiration  2024 01 19 Put  AXP240119P150 Price  13 60 Size  1500 Time  2022 03 31 12 48 32PM Premium   2 040 000 00
AXP,Thu Mar 31 17:16:16 +0000 2022,1509580347264012292, AXP Strike  150 00 Expiration  2024 01 19 Put  AXP240119P150 Price  13 60 Size  1500 Time  2022 03 31 11 47 54AM Premium   2 040 000 00
AXP,Thu Mar 31 17:16:16 +0000 2022,1509580347222024204, AXP Strike  150 00 Expiration  2024 01 19 Put  AXP240119P150 Price  13 10 Size  1500 Time  2022 03 31 12 48 50PM Premium   1 965 000 00
AXP,Thu Mar 31 17:16:16 +0000 2022,1509580347079487490, AXP Strike  220 00 Expiration  2024 01 19 Call  AXP240119C220 Price  19 30 Size  1500 Time  2022 03 31 11 47 54AM Premium   2 895 000 00
AXP,Thu Mar 31 16:26:09 +0000 2022,1509567734958505989, AXP  220 00 Jan 19 2024 CALL     Underlying   190 06   Difference  13 61  Daily   Volume   3 108 750 Volume  1 500 OI  102 IV  28 79  Bid Ask   20 10  21 35
AXP,Thu Mar 31 16:08:39 +0000 2022,1509563334168883201,Nice print for  AXP Size  112500 Price  189 25 Amount   21 290 625 00 Time  1208 See more  https   t co nc8eSiXFv7 Join https   t co JWvlYbdLod to get REAL TIME prints  Runners    https   t co VC1LdPHaJR Losers    https   t co 9MWV4THfhQ Gappers    https   t co bHQKF1W40n
AXP,Wed Mar 30 17:24:08 +0000 2022,1509219940158644226,Stock   AXP        REALTIME TREND     BUY BUY   95 00   SELL   5 00   Try now the Best Pivot Point Calculator   https   t co HCdxHoGlTJ  tradingview  stocks  stockstowatch
AXP,Wed Mar 30 16:07:57 +0000 2022,1509200770092216330, AXP 13 has crossed below    48 and ERROR retrieving 200 data  check manually  for the 15m intverval  12 00 02 PM
AMT,Thu Mar 31 22:47:00 +0000 2022,1509663580056084484, AMT open interest for maturity 04 14 2022  High put 220 00 High call 250 00 PutCallRatio 0 74  maxpain  options https   t co X7ecfhYt2t https   t co 1FvL81pInf
AMT,Thu Mar 31 19:48:08 +0000 2022,1509618568140308487,Stock   AMT        REALTIME TREND     SELL BUY   5 00   SELL   95 00   Try now the Best Pivot Point Calculator   https   t co RTTEe5V9EF  tradingview  stocks  stockstowatch
AMT,Thu Mar 31 14:30:30 +0000 2022,1509538633459675150,Stock   AMT        REALTIME TREND     SELL BUY   5 00   SELL   95 00   Try now the Best Pivot Point Calculator   https   t co CJNhUSk5uI  tradingview  stocks  stockstowatch
AWK,Thu Mar 31 15:35:41 +0000 2022,1509555036879261697, AWK  15s  delayed   Issued Press Release on March 31  11 30 00  American Water Launches New  Improved Digital Features to Benefit Customers https   t co vz4SOH8tvd
AWK,Thu Mar 31 14:27:53 +0000 2022,1509537972743544833, AWK open interest for maturity 04 14 2022  High put 175 00 High call 170 00 PutCallRatio 1 58  maxpain  options https   t co WcbIW1BtkR https   t co m3NNqRXgim
AWK,Wed Mar 30 22:30:02 +0000 2022,1509296921394962434,Nice print for  AWK Size  151480 Price  165 85 Amount   25 122 958 00 Time  1830 See more  https   t co rlC9JGzSKf Join https   t co JWvlYbdLod to get REAL TIME prints  Runners    https   t co VC1LdPHaJR Losers    https   t co 9MWV4THfhQ Gappers    https   t co bHQKF1W40n
AMP,Thu Mar 31 16:00:12 +0000 2022,1509561206385913860,While the paper hands are selling the whales are buying  100  volume increase  The buy sell ratio is totally irrelevant  If 1 guy buys  1M worth of  AMP  amp  99 guys sell  1 00 worth of amp it s gonna say 99  selling  Don t let masses of weak hands and inexperienced investors fool u https   t co Wcq1FjdR5K
AMP,Thu Mar 31 00:04:26 +0000 2022,1509320679996358661,If  RAD breaks 5 65 targets are 6 50 then 8 00      crypto  LOOM  SNT  AERGO  btc  eth  avax  sol  trac  lrc  atom  amp  qsp  mdt  shib  avt  imx  mpl  gods  ddx  shping  fx  alcx  gems  moon  altseason
AMP,Wed Mar 30 16:34:27 +0000 2022,1509207437135523844,Why  amp will hit  1 00 by EOW     1 n    
AMP,Wed Mar 30 15:05:57 +0000 2022,1509185167109373952, AMP  15s  delayed   Issued Press Release on March 30  11 00 00  Former Wirehouse Advisor Moves to Ameriprise Financial for Comprehensive Investment Platform and Client Centric Culture https   t co 8XXWQDUlXi
ABC,Thu Mar 31 19:37:22 +0000 2022,1509615855981797379, ABC Max Pain is 145 00 for maturity 04 01 2022   maxpain  options https   t co G9PfHctvwZ https   t co i9eErHVnzB
AMGN,Thu Mar 31 17:16:16 +0000 2022,1509580347616366593, AMGN Strike  240 00 Expiration  2022 04 14 Put  AMGN220414P240 Price  1 65 Size  4000 Time  2022 03 31 12 50 28PM Premium   660 000 00
AMGN,Thu Mar 31 16:51:33 +0000 2022,1509574128847798272,Nice print for  AMGN Size  400000 Price  244 005 Amount   97 602 000 00 Time  1251 See more  https   t co 6mSnrLccpZ Join https   t co JWvlYbdLod to get REAL TIME prints  Runners    https   t co VC1LdPHaJR Losers    https   t co 9MWV4THfhQ Gappers    https   t co bHQKF1W40n
AMGN,Thu Mar 31 14:27:06 +0000 2022,1509537775649009670,Stock   AMGN        REALTIME TREND     SELL BUY   5 00   SELL   95 00   Try now the Best Pivot Point Calculator   https   t co L2TB29Mdfo  tradingview  stocks  stockstowatch
AMGN,Wed Mar 30 17:12:08 +0000 2022,1509216921174093831,Stock   AMGN        REALTIME TREND     SELL BUY   4 00   SELL   96 00   Try now the Best Pivot Point Calculator   https   t co K93i9ovgeq  tradingview  stocks  stockstowatch
APH,Thu Mar 31 10:00:26 +0000 2022,1509470669729406977,Amphenol Corp    APH    QUOTE  APH was DOWN   on Wed Mar 30 Closed at 76 71 USD for a 0 00  loss from previous close          ANALYSIS Amphenol Corp should be nationalized      
ADI,Wed Mar 30 22:06:17 +0000 2022,1509290944570531841,Insider Tunc Doluca reports selling 4 600 shares of  ADI for a total cost of  782 000 00 https   t co 6bFQI2LJkK
ANTM,Wed Mar 30 12:30:00 +0000 2022,1509145920486608898,New Large Cap 52  Week Highs for Mar 29  2022    UNP  276 82  AZN  66 60  ANTM  492 22  CB  218 99  DUK  110 99  CP  83 26  SO  72 07  REGN  699 00  AON  329 46  D  84 90  Research on https   t co jdIQT7KKID
AON,Wed Mar 30 12:30:00 +0000 2022,1509145920486608898,New Large Cap 52  Week Highs for Mar 29  2022    UNP  276 82  AZN  66 60  ANTM  492 22  CB  218 99  DUK  110 99  CP  83 26  SO  72 07  REGN  699 00  AON  329 46  D  84 90  Research on https   t co jdIQT7KKID
APA,Thu Mar 31 21:41:59 +0000 2022,1509647218013138947,   APA price target update    Upgraded by Mizuho From  38 00 to  56 00  Day quote change   41 4  0 73   Target upside  35 27   Published  March 31  2022 https   t co gFn1FbZJRr
APA,Thu Mar 31 17:16:16 +0000 2022,1509580347062710272, APA Strike  55 00 Expiration  2023 01 20 Call  APA230120C55 Price  3 80 Size  1250 Time  2022 03 31 10 57 14AM Premium   475 000 00
APA,Thu Mar 31 15:48:50 +0000 2022,1509558344889118722, APA  55 00 Jan 20 2023 CALL     Underlying   42 38   Difference  22 95  Daily   Volume   476 028 Volume  1 261 OI  269 IV  50 05  Bid Ask   3 70  3 85
APA,Wed Mar 30 14:25:18 +0000 2022,1509174934785847301, APA Strike  40 00 Expiration  2022 04 14 Put  APA220414P40 Price  1 09 Size  3000 Time  2022 03 30 10 25 18AM Premium   327 000 00
APA,Wed Mar 30 13:55:30 +0000 2022,1509167436314075137,Nice print for  APA Size  441000 Price  40 96 Amount   18 063 360 00 Time  955 See more  https   t co 0CuXL4dsYf Join https   t co JWvlYbdLod to get REAL TIME prints  Runners    https   t co VC1LdPHaJR Losers    https   t co 9MWV4THfhQ Gappers    https   t co bHQKF1W40n
APA,Wed Mar 30 13:54:30 +0000 2022,1509167183997587458,Nice print for  APA Size  270000 Price  40 96 Amount   11 059 200 00 Time  954 See more  https   t co 0CuXL4e0NN Join https   t co JWvlYbejdL to get REAL TIME prints  Runners    https   t co VC1LdPHIzp Losers    https   t co 9MWV4THN7o Gappers    https   t co bHQKF1WBPV
APA,Wed Mar 30 13:53:04 +0000 2022,1509166824860139526,Nice print for  APA Size  197600 Price  40 96 Amount   8 093 696 00 Time  953 See more  https   t co 0CuXL4dsYf Join https   t co JWvlYbdLod to get REAL TIME prints  Runners    https   t co VC1LdPHaJR Losers    https   t co 9MWV4THfhQ Gappers    https   t co bHQKF1W40n
AAPL,Thu Mar 31 19:27:06 +0000 2022,1509613273033101314,Stock   AAPL        REALTIME TREND     BUY BUY   95 00   SELL   5 00   Try now the Best Pivot Point Calculator   https   t co bLMtsBbqFe  tradingview  stocks  stockstowatch
AAPL,Thu Mar 31 19:06:47 +0000 2022,1509608161384480768,Nice print for  AAPL Size  220000 Price  177 3045 Amount   39 006 990 00 Time  1506 See more  https   t co DLRLSu8mMT Join https   t co JWvlYbejdL to get REAL TIME prints  Runners    https   t co VC1LdPHIzp Losers    https   t co 9MWV4THN7o Gappers    https   t co bHQKF1WBPV
AAPL,Thu Mar 31 18:51:44 +0000 2022,1509604375726985239,Sorry  Aapl fans When studying the markets  I ve asked myself who am I buying from  Long term swing 1st target is 160 but looking for 150  if I m correct options should sell  for 11 if i make it to 150     64 11 00   Flowtrade https   t co dFTxxM3CCm
AAPL,Thu Mar 31 18:24:28 +0000 2022,1509597512440680451,Twitter s on the Rise     AMD  Price   109 67  Mentions  52  VDRM  Price   0 01  Mentions  49  AAPL  Price   176 37  Mentions  48  QQQ  Price   365 04  Mentions  41  AMZN  Price   3 301 00  Mentions  33   stocks  investing  trading
AAPL,Thu Mar 31 18:13:43 +0000 2022,1509594805663375361,Nice print for  AAPL Size  280000 Price  176 465 Amount   49 410 200 00 Time  1413 See more  https   t co DLRLSu7OXl Join https   t co JWvlYbdLod to get REAL TIME prints  Runners    https   t co VC1LdPHaJR Losers    https   t co 9MWV4THfhQ Gappers    https   t co bHQKF1W40n
AAPL,Thu Mar 31 18:13:16 +0000 2022,1509594694002814976, AAPL Strike  165 00 Expiration  2022 04 14 Put  AAPL220414P165 Price  0 68 Size  2800 Time  2022 03 31 2 13 16PM Premium   190 400 00
AAPL,Thu Mar 31 18:00:08 +0000 2022,1509591388832292867,Nice print for  AAPL Size  260000 Price  176 679 Amount   45 936 540 00 Time  1400 See more  https   t co DLRLSu7OXl Join https   t co JWvlYbdLod to get REAL TIME prints  Runners    https   t co VC1LdPHaJR Losers    https   t co 9MWV4THfhQ Gappers    https   t co bHQKF1W40n
AAPL,Thu Mar 31 17:16:16 +0000 2022,1509580347700219905, AAPL Strike  160 00 Expiration  2022 04 22 Put  AAPL220422P160 Price  0 61 Size  1394 Time  2022 03 31 10 57 17AM Premium   85 034 00
AAPL,Thu Mar 31 17:16:16 +0000 2022,1509580347561766912, AAPL Strike  160 00 Expiration  2022 04 22 Put  AAPL220422P160 Price  0 61 Size  1200 Time  2022 03 31 10 58 25AM Premium   73 200 00
AAPL,Thu Mar 31 17:16:16 +0000 2022,1509580347264036866, AAPL Strike  167 50 Expiration  2022 04 14 Put  AAPL220414P167 5 Price  0 91 Size  1174 Time  2022 03 31 11 41 03AM Premium   106 834 00
AMAT,Thu Mar 31 14:06:18 +0000 2022,1509532541535285258, AMAT  lt  135 00 https   t co C4uDtUGBPj
AMAT,Thu Mar 31 00:25:13 +0000 2022,1509325909979176961, AMAT lost 138 67  backtested as resistance  dumped to near gap fill 135 00 with a COD of 135 82  LOD 135 08  https   t co 1EYxBusoNj
APTV,Thu Mar 31 20:02:38 +0000 2022,1509622214747992066, APTV Max Pain is 115 00 for maturity 04 14 2022   maxpain  options https   t co 3Gzr5iZECY https   t co syRlNxpeWm
APTV,Wed Mar 30 22:30:02 +0000 2022,1509296921395015680,Nice print for  APTV Size  191075 Price  122 16 Amount   23 341 722 00 Time  1830 See more  https   t co pP6qOcgtoU Join https   t co JWvlYbdLod to get REAL TIME prints  Runners    https   t co VC1LdPHaJR Losers    https   t co 9MWV4THfhQ Gappers    https   t co bHQKF1W40n
ANET,Thu Mar 31 02:15:34 +0000 2022,1509353678402162694, ANET Max Pain is 129 00 for maturity 04 01 2022   maxpain  options https   t co tdgx5JEA7f https   t co tVebhqov24
AIZ,Thu Mar 31 18:10:45 +0000 2022,1509594059534479366, AIZ Max Pain 165 00  Maturity 04 14 2022   maxpain  options https   t co 6D67NB6iFW https   t co 7f3JLalDeE
AIZ,Wed Mar 30 03:22:51 +0000 2022,1509008224770576384,_   AIZ  AIZ AX Air New Zealand Limited entered a trading halt at 2 00 PM AEDT   Check if the company is raising capital here  https   t co b7iOZ3vsRf
AIZ,Wed Mar 30 03:06:05 +0000 2022,1509004006953463811,AIR NEW ZEALAND    AIZ  AIZ ax    has released   Trading Halt   on 30 3 2022 at 2 00 pm AEST  ASX  NewZealand  TradingHalt   Bears overheating  https   t co QLjEvXBf5w
T,Thu Mar 31 23:54:07 +0000 2022,1509680469822124035,Stock   T        REALTIME TREND     BUY BUY   95 00   SELL   5 00   Try now the Best Pivot Point Calculator   https   t co GSDneL2jga  tradingview  stocks  stockstowatch
T,Thu Mar 31 19:51:03 +0000 2022,1509619302147805195,Nice print for  T Size  465200 Price  23 72 Amount   11 034 544 00 Time  1551 See more  https   t co JWn5rt1zNg Join https   t co JWvlYbdLod to get REAL TIME prints  Runners    https   t co VC1LdPHaJR Losers    https   t co 9MWV4THfhQ Gappers    https   t co bHQKF1W40n
T,Thu Mar 31 18:36:09 +0000 2022,1509600450491957259,Stock   T        REALTIME TREND     BUY BUY   95 00   SELL   5 00   Try now the Best Pivot Point Calculator   https   t co cuDK2fFqAX  tradingview  stocks  stockstowatch
T,Thu Mar 31 17:16:16 +0000 2022,1509580347607900185, T Strike  35 00 Expiration  2024 01 19 Call  T240119C35 Price  0 46 Size  2000 Time  2022 03 31 12 59 26PM Premium   92 000 00
T,Thu Mar 31 17:16:16 +0000 2022,1509580347595395075, T Strike  27 00 Expiration  2024 01 19 Call  T240119C27 Price  1 69 Size  3000 Time  2022 03 31 12 42 40PM Premium   507 000 00
T,Thu Mar 31 17:16:16 +0000 2022,1509580347570200578, T Strike  35 00 Expiration  2024 01 19 Call  T240119C35 Price  0 45 Size  3000 Time  2022 03 31 12 42 40PM Premium   135 000 00
T,Thu Mar 31 17:16:16 +0000 2022,1509580347540791308, T Strike  24 00 Expiration  2022 04 14 Call  T220414C24 Price  0 27 Size  10000 Time  2022 03 31 10 33 30AM Premium   270 000 00
T,Thu Mar 31 17:16:16 +0000 2022,1509580347524083712, T Strike  24 00 Expiration  2022 04 01 Call  T220401C24 Price  0 09 Size  10000 Time  2022 03 31 10 33 30AM Premium   90 000 00
T,Thu Mar 31 17:16:16 +0000 2022,1509580347373068290, T Strike  26 00 Expiration  2022 06 17 Call  T220617C26 Price  0 20 Size  8864 Time  2022 03 31 10 30 39AM Premium   177 280 00
T,Thu Mar 31 16:45:50 +0000 2022,1509572688695681026, T open interest for maturity 04 01 2022  High put 23 50 High call 24 00 PutCallRatio 0 44  maxpain  options https   t co wLmevYkKax https   t co Tb2AfyC2U5
ADSK,Thu Mar 31 15:17:58 +0000 2022,1509550577071579142, ADSK high OI range is 200 00 to 230 00 for option expiration 04 01 2022 PutCallRatio 0 89  maxpain  options https   t co JGs06ApJgg https   t co hlMOczVA3A
ADSK,Thu Mar 31 08:00:16 +0000 2022,1509440427912581125,Autodesk Inc    ADSK    QUOTE  ADSK was DOWN   on Wed Mar 30 Closed at 221 00 USD for a 0 00  loss from previous close          ANALYSIS Autodesk Inc should be nationalized      
ADSK,Wed Mar 30 17:45:30 +0000 2022,1509225316862291968,Nice print for  ADSK Size  140000 Price  222 58 Amount   31 161 200 00 Time  1345 See more  https   t co CejGjhnXfA Join https   t co JWvlYbejdL to get REAL TIME prints  Runners    https   t co VC1LdPHIzp Losers    https   t co 9MWV4THN7o Gappers    https   t co bHQKF1WBPV
ADSK,Wed Mar 30 17:44:39 +0000 2022,1509225104173006848, ADSK Strike  225 00 Expiration  2022 04 14 Put  ADSK220414P225 Price  7 15 Size  1400 Time  2022 03 30 1 44 39PM Premium   1 001 000 00
ADSK,Wed Mar 30 17:44:39 +0000 2022,1509225104172933121, ADSK Strike  225 00 Expiration  2022 04 14 Call  ADSK220414C225 Price  4 80 Size  1400 Time  2022 03 30 1 44 39PM Premium   672 000 00
ADSK,Wed Mar 30 00:31:29 +0000 2022,1508965098903289858, adsk 2hr  Any red open  Eyeing 4 8 225c under 4 00  Target 224 226 by Friday https   t co UYQXB280uI
AZO,Thu Mar 31 14:14:00 +0000 2022,1509534479001395205,The AutoZone board of directors has authorized the repurchase of an additional  2 00 billion of the company s common stock in connection with its ongoing share repurchase program   autozone  AZO  autozone  aftermarket  autoparts https   t co 5iTK4IHOwj
AVB,Thu Mar 31 13:01:26 +0000 2022,1509516218608328716,AvalonBay Communities Inc    AVB    QUOTE  AVB was DOWN   on Wed Mar 30 Closed at 251 95 USD for a 0 00  loss from previous close          ANALYSIS AvalonBay Communities Inc should be nationalized      
BKR,Thu Mar 31 21:56:14 +0000 2022,1509650802918719491,   BKR price target update    Upgraded by Wells Fargo  amp  Company From  28 00 to  43 00  Day quote change   36 25   2 78   Target upside  18 62   Published  March 31  2022 https   t co TF8guLzOuB
BLL,Thu Mar 31 12:00:28 +0000 2022,1509500874909171715,Ball Corp    BLL    QUOTE  BLL was DOWN   on Wed Mar 30 Closed at 91 49 USD for a 0 00  loss from previous close          ANALYSIS Ball Corp should be nationalized      
BLL,Wed Mar 30 17:10:37 +0000 2022,1509216537324007432, BLL  15s  delayed   Issued Press Release on March 30  13 00 00  New Analysis Shows Significant Economic and Environmental Benefits of Boosting Aluminum Can Recycling Rate in U S  https   t co pwGrAkmunv
BAC,Thu Mar 31 20:06:08 +0000 2022,1509623095748870153,Stock   BAC        REALTIME TREND     BUY BUY   95 00   SELL   5 00   Try now the Best Pivot Point Calculator   https   t co IWZLuwPwEz  tradingview  stocks  stockstowatch
BAC,Thu Mar 31 18:49:24 +0000 2022,1509603787006169090,Nice to see that my top 10 US bank fund is doing well today  tfc  2 32   wfc  2 38  bac   3 00   usb   2 26   pnc   1 94   bk   2 76   jpm 2 06   cof  1 42   tp   1 34   c 2 11 
BAC,Thu Mar 31 18:42:45 +0000 2022,1509602111188873218, BAC  48 00 Apr 22 2022 CALL     Underlying   41 77   Difference  12 99  Daily   Volume   130 458 Volume  15 348 OI  3 221 IV  34 29  Bid Ask   0 08  0 09
BAC,Thu Mar 31 18:22:38 +0000 2022,1509597050476068864,Nice print for  BAC Size  250000 Price  41 8 Amount   10 450 000 00 Time  1422 See more  https   t co 1IV5INix80 Join https   t co JWvlYbejdL to get REAL TIME prints  Runners    https   t co VC1LdPHIzp Losers    https   t co 9MWV4THN7o Gappers    https   t co bHQKF1WBPV
BAC,Thu Mar 31 18:20:14 +0000 2022,1509596448505188353,Nice print for  BAC Size  200000 Price  41 83 Amount   8 366 000 00 Time  1420 See more  https   t co 1IV5INhZis Join https   t co JWvlYbdLod to get REAL TIME prints  Runners    https   t co VC1LdPHaJR Losers    https   t co 9MWV4THfhQ Gappers    https   t co bHQKF1W40n
BAC,Thu Mar 31 18:08:20 +0000 2022,1509593450446045195,Nice print for  BAC Size  600000 Price  41 8575 Amount   25 114 500 00 Time  1408 See more  https   t co 1IV5INhZis Join https   t co JWvlYbdLod to get REAL TIME prints  Runners    https   t co VC1LdPHaJR Losers    https   t co 9MWV4THfhQ Gappers    https   t co bHQKF1W40n
BAC,Thu Mar 31 17:18:32 +0000 2022,1509580918893301763,Nice print for  BAC Size  132700 Price  41 74 Amount   5 538 898 00 Time  1318 See more  https   t co 1IV5INhZis Join https   t co JWvlYbdLod to get REAL TIME prints  Runners    https   t co VC1LdPHaJR Losers    https   t co 9MWV4THfhQ Gappers    https   t co bHQKF1W40n
BAC,Thu Mar 31 17:16:16 +0000 2022,1509580347717025796, BAC Strike  43 00 Expiration  2022 05 20 Call  BAC220520C43 Price  1 42 Size  1000 Time  2022 03 31 1 03 22PM Premium   142 000 00
BAC,Thu Mar 31 17:16:16 +0000 2022,1509580347670814743, BAC Strike  50 00 Expiration  2022 04 14 Call  BAC220414C50 Price  0 03 Size  1325 Time  2022 03 31 12 20 20PM Premium   3 975 00
BAC,Thu Mar 31 17:16:16 +0000 2022,1509580347607900177, BAC Strike  40 00 Expiration  2023 09 15 Put  BAC230915P40 Price  4 85 Size  1050 Time  2022 03 31 12 41 48PM Premium   509 250 00
BBWI,Thu Mar 31 22:30:00 +0000 2022,1509659304462274568,Nice print for  BBWI Size  684155 Price  47 8 Amount   32 702 609 00 Time  1830 See more  https   t co 1XeyVZksHk Join https   t co JWvlYbdLod to get REAL TIME prints  Runners    https   t co VC1LdPHaJR Losers    https   t co 9MWV4THfhQ Gappers    https   t co bHQKF1W40n
BBWI,Thu Mar 31 17:16:16 +0000 2022,1509580347050057759, BBWI Strike  45 00 Expiration  2022 08 19 Put  BBWI220819P45 Price  3 70 Size  1000 Time  2022 03 31 10 52 06AM Premium   370 000 00
BBWI,Wed Mar 30 23:32:17 +0000 2022,1509312588131311619, BBWI high OI range is 51 00 to 51 00 for option expiration 04 01 2022 PutCallRatio 0 13  maxpain  options https   t co cmiC01fggd https   t co bVn1F7CR51
BBWI,Wed Mar 30 14:35:05 +0000 2022,1509177398071160833, BBWI Strike  65 00 Expiration  2022 08 19 Call  BBWI220819C65 Price  1 68 Size  2500 Time  2022 03 30 10 35 05AM Premium   420 000 00
BBWI,Wed Mar 30 14:35:05 +0000 2022,1509177398050230277, BBWI Strike  45 00 Expiration  2022 08 19 Put  BBWI220819P45 Price  2 87 Size  2500 Time  2022 03 30 10 35 05AM Premium   717 500 00
BBWI,Wed Mar 30 14:35:05 +0000 2022,1509177398046052352, BBWI Strike  55 00 Expiration  2022 08 19 Call  BBWI220819C55 Price  4 65 Size  2500 Time  2022 03 30 10 35 05AM Premium   1 162 500 00
BAX,Thu Mar 31 19:37:37 +0000 2022,1509615922826264591,Nice print for  BAX Size  439100 Price  77 25 Amount   33 920 475 00 Time  1537 See more  https   t co 0u5Y0oIvd4 Join https   t co JWvlYbvmfL to get REAL TIME prints  Runners    https   t co VC1LdPYLBp Losers    https   t co 9MWV4TYQ9o Gappers    https   t co bHQKF2dERV
BAX,Wed Mar 30 13:10:25 +0000 2022,1509156092185485321, BAX 13 has crossed above    48 and ERROR retrieving 200 data  check manually  for the 60m intverval  09 00 02 AM
BDX,Thu Mar 31 23:59:23 +0000 2022,1509681797273108482, BDX Max Pain is 270 00 for maturity 04 01 2022   maxpain  options https   t co yT330EI6hc https   t co yReqyukbmx
BDX,Thu Mar 31 22:30:02 +0000 2022,1509659310778994693,Nice print for  BDX Size  288009 Price  266 Amount   76 610 394 00 Time  1830 See more  https   t co bnbzrdJ1k2 Join https   t co JWvlYbdLod to get REAL TIME prints  Runners    https   t co VC1LdPHaJR Losers    https   t co 9MWV4THfhQ Gappers    https   t co bHQKF1W40n
BDX,Thu Mar 31 11:00:52 +0000 2022,1509485874471395330, BDX  15s  delayed  filed form 8 K on March 31  06 59 36 https   t co LvbHGcEpOh
BDX,Thu Mar 31 10:51:56 +0000 2022,1509483629138911234, BDX  15s  delayed   Issued Press Release on March 31  06 50 00  Alberto Mas Announces Intent to Retire from BD at End of Fiscal Year https   t co NhCvI5XzJz
BRK.B,Thu Mar 31 20:24:07 +0000 2022,1509627624276086785,Stock   BRK B        REALTIME TREND     BUY BUY   95 00   SELL   5 00   Try now the Best Pivot Point Calculator   https   t co BWENLDzFv7  tradingview  stocks  stockstowatch
BBY,Thu Mar 31 21:14:42 +0000 2022,1509640351295983620,Top 1 hour crypto losers   BA  99 93   BBY  97 22   BXY  79 95   ARRB  78 12   DGD  69 09   CNDL  58 22   BULLDOG  50 00   PRNT  46 92   CCG  44 80   FUND  38 64   WSOW  32 94   VPX  30 95   WRK  30 63   MANY  30 50   PRCH  29 70   X42  24 42   EWT  23 25   SBEAR  22 94 
BBY,Wed Mar 30 10:44:03 +0000 2022,1509119257598218246, BBY Max Pain is 98 00 for maturity 04 01 2022   maxpain  options https   t co PvWi9uR2pN https   t co ifb9CLa5Xj
BIO,Wed Mar 30 14:56:12 +0000 2022,1509182714078973952, BIO high OI range is 550 00 to 650 00 for option expiration 04 14 2022 PutCallRatio 0 19  maxpain  options https   t co o6u6pIABbJ https   t co x4BZ2f3mdX
TECH,Wed Mar 30 11:20:30 +0000 2022,1509128430415233029, TECH high OI range is 320 00 to 410 00 for option expiration 04 14 2022 PutCallRatio 0 30  maxpain  options https   t co QJjg4N3ENx https   t co RuwaPq7drV
TECH,Wed Mar 30 10:00:36 +0000 2022,1509108320375877638,Bio Techne Corp    TECH    QUOTE  TECH was DOWN   on Tue Mar 29 Closed at 446 02 USD for a 0 00  loss from previous close          ANALYSIS Bio Techne Corp should be nationalized      
BIIB,Thu Mar 31 00:40:07 +0000 2022,1509329660458504195, BIIB  211 16   IMO it may be as beaten down as it is gonna get around the  205    2 10 area  I think  280  on some Good news or even that former talk of going private   350   July  220 Calls  11 50 13 90 22x50 OI 144  If it hit  10 00 I d start stalking https   t co rulrXE9q2x
BIIB,Wed Mar 30 23:42:06 +0000 2022,1509315058786091013, BIIB  15s  delayed   Issued Press Release on March 30  19 40 00  SHAREHOLDER ALERT  Pomerantz Law Firm Investigates Claims On Behalf of Investors of Biogen Inc    BIIB https   t co fMQznTP1c3
BIIB,Wed Mar 30 22:51:05 +0000 2022,1509302221825089539,Stock   BIIB        REALTIME TREND     BUY BUY   95 00   SELL   5 00   Try now the Best Pivot Point Calculator   https   t co 65SoH9ZppE  tradingview  stocks  stockstowatch
BIIB,Wed Mar 30 22:37:25 +0000 2022,1509298781963132956, BIIB open interest for maturity 04 01 2022  High put 170 00 High call 205 00 PutCallRatio 0 52  maxpain  options https   t co opbrs7ycY1 https   t co bEqzzctNdK
BIIB,Wed Mar 30 20:21:14 +0000 2022,1509264508388208643, BIIB Below Avg Volume Daily appearances since 2010  150 Close 5 days later    Avg   1 00 SD  12 70 Worst   80 31 Best  50 59  10 days later  Avg   1 62 SD  17 36 Worst   84 75 Best  65 00  30 days later  Avg   0 50 SD  35 52 Worst   88 61 Best  147 11
BIIB,Wed Mar 30 19:07:41 +0000 2022,1509245998882856965, BIIB high OI range is 170 00 to 205 00 for option expiration 04 01 2022 PutCallRatio 0 52  maxpain  options https   t co opbrs7ycY1 https   t co EPJ7y7vaF8
BIIB,Wed Mar 30 17:33:06 +0000 2022,1509222196136325132,Stock   BIIB        REALTIME TREND     BUY BUY   95 00   SELL   5 00   Try now the Best Pivot Point Calculator   https   t co PePHwCpu2u  tradingview  stocks  stockstowatch
BIIB,Wed Mar 30 11:32:22 +0000 2022,1509131417845911562, BIIB  15s  delayed   Issued Press Release on March 30  07 30 00  Biogen Submits Final Protocol for ADUHELM   aducanumab avwa  Phase 4 ENVISION Trial to FDA https   t co ReNT2mkDyK
BLK,Thu Mar 31 20:18:09 +0000 2022,1509626119829532681,Stock   BLK        REALTIME TREND     BUY BUY   95 00   SELL   5 00   Try now the Best Pivot Point Calculator   https   t co cbz1iiRpFF  tradingview  stocks  stockstowatch
BLK,Thu Mar 31 14:57:05 +0000 2022,1509545323907190786,Stock   BLK        REALTIME TREND     SELL BUY   5 00   SELL   95 00   Try now the Best Pivot Point Calculator   https   t co NEvm6c7Rb7  tradingview  stocks  stockstowatch
BLK,Thu Mar 31 14:53:01 +0000 2022,1509544299553251332,BlackRock  Inc current quarter revenue growth YoY of 14 00  ranked 2111 out of 5722 companies in our database      https   t co OH8HwkTOFU  BLK
BLK,Wed Mar 30 21:18:59 +0000 2022,1509279040670253060, BLK Max Pain 750 00  Maturity 04 01 2022   maxpain  options https   t co VhqlgrfWcD https   t co d0DS95Hec6
BLK,Wed Mar 30 15:05:49 +0000 2022,1509185131780657157, BLK  15s  delayed   Issued Press Release on March 30  11 00 00  BlackRock to Report First Quarter 2022 Earnings on April 13th https   t co MreaRJEQlO
BK,Thu Mar 31 20:12:09 +0000 2022,1509624610324688900,Stock   BK        REALTIME TREND     BUY BUY   95 00   SELL   5 00   Try now the Best Pivot Point Calculator   https   t co phKjhXWuXx  tradingview  stocks  stockstowatch
BK,Thu Mar 31 18:49:24 +0000 2022,1509603787006169090,Nice to see that my top 10 US bank fund is doing well today  tfc  2 32   wfc  2 38  bac   3 00   usb   2 26   pnc   1 94   bk   2 76   jpm 2 06   cof  1 42   tp   1 34   c 2 11 
BK,Thu Mar 31 14:51:06 +0000 2022,1509543814645571585,Stock   BK        REALTIME TREND     BUY BUY   95 00   SELL   5 00   Try now the Best Pivot Point Calculator   https   t co RVNHcaGv1G  tradingview  stocks  stockstowatch
BK,Wed Mar 30 22:54:06 +0000 2022,1509302980998307840,Stock   BK        REALTIME TREND     BUY BUY   95 00   SELL   5 00   Try now the Best Pivot Point Calculator   https   t co TZ0xP11Mm5  tradingview  stocks  stockstowatch
BK,Wed Mar 30 20:52:09 +0000 2022,1509272289996509185,   BK price target update    Downgraded by The Goldman Sachs Group From  68 00 to  60 00  Day quote change   51 84   1 71   Target upside  15 74   Published  March 30  2022 https   t co R3TYbZVXr3
BK,Wed Mar 30 17:36:08 +0000 2022,1509222960090988555,Stock   BK        REALTIME TREND     BUY BUY   95 00   SELL   5 00   Try now the Best Pivot Point Calculator   https   t co CKkacX6Q8u  tradingview  stocks  stockstowatch
BK,Wed Mar 30 12:32:41 +0000 2022,1509146593047588867, BK  15s  delayed   Issued Press Release on March 30  08 30 00  BNY Mellon 2022 Annual Meeting of Stockholders https   t co h7Fj7w1YFu
BK,Wed Mar 30 07:01:02 +0000 2022,1509063134631370761,Bank of New York Mellon Corp    BK    QUOTE  BK was DOWN   on Tue Mar 29 Closed at 52 74 USD for a 0 00  loss from previous close          ANALYSIS Bank of New York Mellon Corp should be nationalized      
BA,Thu Mar 31 21:14:42 +0000 2022,1509640351295983620,Top 1 hour crypto losers   BA  99 93   BBY  97 22   BXY  79 95   ARRB  78 12   DGD  69 09   CNDL  58 22   BULLDOG  50 00   PRNT  46 92   CCG  44 80   FUND  38 64   WSOW  32 94   VPX  30 95   WRK  30 63   MANY  30 50   PRCH  29 70   X42  24 42   EWT  23 25   SBEAR  22 94 
BA,Thu Mar 31 20:20:55 +0000 2022,1509626816180338701, BA Bearish Engulfing Daily appearances since 2010  113 Close 5 days later    Avg  0 29 SD  8 29 Worst   36 09 Best  27 29  10 days later  Avg  1 93 SD  11 21 Worst   39 00 Best  40 25  30 days later  Avg  4 79 SD  21 98 Worst   43 53 Best  77 45
BA,Thu Mar 31 20:03:06 +0000 2022,1509622332813361155,Stock   BA        REALTIME TREND     BUY BUY   95 00   SELL   5 00   Try now the Best Pivot Point Calculator   https   t co JZ18hHHY0W  tradingview  stocks  stockstowatch
BA,Thu Mar 31 17:16:16 +0000 2022,1509580347549179915, BA Strike  180 00 Expiration  2022 05 20 Put  BA220520P180 Price  5 55 Size  2000 Time  2022 03 31 12 07 23PM Premium   1 110 000 00
BA,Thu Mar 31 15:15:54 +0000 2022,1509550058404032512, BA  205 00 Apr 01 2022 CALL     Underlying   195 17   Difference  4 80  Daily   Volume   445 566 Volume  20 724 OI  4 948 IV  49 80  Bid Ask   0 21  0 22
BA,Thu Mar 31 13:10:17 +0000 2022,1509518443455954948,3 31 WL       DKNG c  gt  20 75   p  lt  20 00  F c  gt  17 40   p  lt  17 10  AMD c  gt  120 40   p  lt  117 85  BA c  gt  196 25   p  lt  193 25  Last day of  TheLeague S3  Can t thank y all enough   AdamSliverTrade  AkrinTrades  zigs_trades  CeeDeezTrades  BullishMont  This is just the beginning  
BA,Thu Mar 31 09:11:05 +0000 2022,1509458247324946438, BA  15s  delayed   Issued Press Release on March 31  05 00 00  ASL Orders Up to 20 Additional 737 800 Boeing Converted Freighters to Drive Environmental Sustainability https   t co XRaWT68GyK
BA,Wed Mar 30 17:34:19 +0000 2022,1509222501464772611, BA Strike  195 00 Expiration  2022 04 14 Call  BA220414C195 Price  4 30 Size  1500 Time  2022 03 30 1 34 18PM Premium   645 000 00
BA,Wed Mar 30 17:34:18 +0000 2022,1509222501439528963, BA Strike  195 00 Expiration  2022 04 14 Put  BA220414P195 Price  6 60 Size  1500 Time  2022 03 30 1 34 18PM Premium   990 000 00
BA,Wed Mar 30 14:30:11 +0000 2022,1509176163456802817, BA Strike  210 00 Expiration  2022 05 20 Call  BA220520C210 Price  4 68 Size  1600 Time  2022 03 30 10 30 11AM Premium   748 800 00
BKNG,Thu Mar 31 14:54:08 +0000 2022,1509544581045628932,Stock   BKNG        REALTIME TREND     SELL BUY   5 00   SELL   95 00   Try now the Best Pivot Point Calculator   https   t co y4SgV54xnx  tradingview  stocks  stockstowatch
BKNG,Wed Mar 30 22:57:06 +0000 2022,1509303734223970305,Stock   BKNG        REALTIME TREND     BUY BUY   95 00   SELL   5 00   Try now the Best Pivot Point Calculator   https   t co KWUGTpY4ds  tradingview  stocks  stockstowatch
BKNG,Wed Mar 30 17:39:06 +0000 2022,1509223707809619969,Stock   BKNG        REALTIME TREND     BUY BUY   95 00   SELL   5 00   Try now the Best Pivot Point Calculator   https   t co fQZjdx4kNn  tradingview  stocks  stockstowatch
BSX,Wed Mar 30 22:30:02 +0000 2022,1509296921642426372,Nice print for  BSX Size  773240 Price  44 7 Amount   34 563 828 00 Time  1830 See more  https   t co DY7U7nZfHJ Join https   t co JWvlYbdLod to get REAL TIME prints  Runners    https   t co VC1LdPHaJR Losers    https   t co 9MWV4THfhQ Gappers    https   t co bHQKF1W40n
BMY,Thu Mar 31 20:21:06 +0000 2022,1509626862653349888,Stock   BMY        REALTIME TREND     BUY BUY   95 00   SELL   5 00   Try now the Best Pivot Point Calculator   https   t co wnBXAEdR5K  tradingview  stocks  stockstowatch
BMY,Thu Mar 31 20:00:37 +0000 2022,1509621710479310854, BMY 13 has crossed below    48 and ERROR retrieving 200 data  check manually  for the 15m intverval  04 00 03 PM
BMY,Thu Mar 31 17:00:36 +0000 2022,1509576407130771466, BMY 13 has crossed above    48 and ERROR retrieving 200 data  check manually  for the 15m intverval  01 00 02 PM
BMY,Thu Mar 31 13:56:39 +0000 2022,1509530112076619802,Nice print for  BMY Size  150000 Price  73 4 Amount   11 010 000 00 Time  956 See more  https   t co hE7avobxQ5 Join https   t co JWvlYbvmfL to get REAL TIME prints  Runners    https   t co VC1LdPYLBp Losers    https   t co 9MWV4TYQ9o Gappers    https   t co bHQKF2dERV
BMY,Wed Mar 30 23:06:07 +0000 2022,1509306004932071429,Stock   BMY        REALTIME TREND     SELL BUY   5 00   SELL   95 00   Try now the Best Pivot Point Calculator   https   t co Qu51sSrUJQ  tradingview  stocks  stockstowatch
BMY,Wed Mar 30 21:16:04 +0000 2022,1509278308009082881,   BMY price target update    Target Raised by BMO Capital Markets From  74 00 to  81 00  Day quote change   73 5  0 64   Target upside  10 2   Published  March 30  2022 https   t co KSOFwEiUGP
BMY,Wed Mar 30 19:31:29 +0000 2022,1509251987610632192, BMY Strike  67 50 Expiration  2022 04 14 Call  BMY220414C67 5 Price  5 95 Size  1000 Time  2022 03 30 3 31 28PM Premium   595 000 00
BMY,Wed Mar 30 19:31:16 +0000 2022,1509251934670102529, BMY Strike  67 50 Expiration  2022 04 14 Call  BMY220414C67 5 Price  6 00 Size  1000 Time  2022 03 30 3 31 16PM Premium   600 000 00
BMY,Wed Mar 30 19:31:05 +0000 2022,1509251889774268417, BMY Strike  67 50 Expiration  2022 04 14 Call  BMY220414C67 5 Price  5 95 Size  1000 Time  2022 03 30 3 31 05PM Premium   595 000 00
BMY,Wed Mar 30 16:43:29 +0000 2022,1509209709890326530, BMY Strike  72 50 Expiration  2022 05 20 Call  BMY220520C72 5 Price  2 21 Size  1200 Time  2022 03 30 12 43 29PM Premium   265 200 00
AVGO,Wed Mar 30 22:39:05 +0000 2022,1509299200286208000,Stock   AVGO        REALTIME TREND     BUY BUY   95 00   SELL   5 00   Try now the Best Pivot Point Calculator   https   t co EcxXT7KjYo  tradingview  stocks  stockstowatch
AVGO,Wed Mar 30 20:35:18 +0000 2022,1509268047525163013, AVGO   SEC Form 4  Spears Kirsten M  sold  3 150 025 worth of shares  5 000 units at  630 00   decreasing direct ownership by 13  to 34 546 units  https   t co RrzSwn9BA4    Breaking news appear 45 seconds earlier at https   t co TvhaBDQJ0C  
AVGO,Wed Mar 30 20:35:01 +0000 2022,1509267976574406659,Insider Spears Kirsten M  reports selling 5 000 shares of  AVGO for a total cost of  3 150 025 00 https   t co 4CFOztim1F
AVGO,Wed Mar 30 20:34:34 +0000 2022,1509267865861505030, AVGO   Spears Kirsten M  sold 5000 0 shares of Common Stock worth  3 150 025 00 in 2 transaction s  from 2022 03 28 to 2022 03 29   AVGO
BR,Wed Mar 30 23:02:14 +0000 2022,1509305027579584516, BR high OI range is 145 00 to 155 00 for option expiration 04 14 2022 PutCallRatio 0 65  maxpain  options https   t co qSKTyXxEMt https   t co AXLN9RS5Un
BR,Wed Mar 30 10:49:46 +0000 2022,1509120696596709381, BR  15s  delayed   Issued Press Release on March 30  06 45 00  Shareholder Voting Made Even Easier with the Updated Enhanced ProxyVote App https   t co nNoNpsJ1J0
BRO,Thu Mar 31 20:48:08 +0000 2022,1509633666456113160,But Whitelist Sale was just the beginning    thorstarter sale starts tomorrow at 14 00 UTC      Opened to everyone   Uncapped   With Price Discovery mechanics   BRO  
CHRW,Thu Mar 31 00:22:22 +0000 2022,1509325194497769475, CHRW high OI range is 90 00 to 120 00 for option expiration 04 14 2022 PutCallRatio 0 53  maxpain  options https   t co c1Nh06O7Dc https   t co yzDKEigMJK
CHRW,Wed Mar 30 01:41:08 +0000 2022,1508982628099186691, CHRW high OI range is 90 00 to 120 00 for option expiration 04 14 2022 PutCallRatio 0 51  maxpain  options https   t co c1Nh06O7Dc https   t co zAxN1N3lEt
CDNS,Thu Mar 31 21:57:22 +0000 2022,1509651092145070088, CDNS high OI range is 145 00 to 155 00 for option expiration 04 14 2022 PutCallRatio 0 55  maxpain  options https   t co KpZfNQWkBo https   t co 647WYVdOE4
CDNS,Wed Mar 30 14:46:23 +0000 2022,1509180242702700548, CDNS  15s  delayed   Issued Press Release on March 30  10 45 00  M31 Speeds Delivery of Silicon IP by 5X Using the Cadence Library Characterization Solution in the Cloud https   t co VdOI6c3fCx
CPT,Tue Mar 29 22:56:58 +0000 2022,1508941312300658698, CPT  15s  delayed   Issued Press Release on March 29  18 43 00  Camden Property Trust Set to Join S amp amp P 500  Matador Resources to Join S amp amp P MidCap 400  Vir Biotechnology to Join S amp amp P SmallCap 600 https   t co Y4OK3R6taU
CPB,Thu Mar 31 11:00:38 +0000 2022,1509485818620096514,Campbell Soup Co    CPB    QUOTE  CPB was DOWN   on Wed Mar 30 Closed at 44 10 USD for a 0 00  loss from previous close          ANALYSIS Campbell Soup Co should be nationalized      
COF,Thu Mar 31 20:42:07 +0000 2022,1509632154510184449,Stock   COF        REALTIME TREND     BUY BUY   95 00   SELL   5 00   Try now the Best Pivot Point Calculator   https   t co IcO1dHfPhD  tradingview  stocks  stockstowatch
COF,Thu Mar 31 18:49:24 +0000 2022,1509603787006169090,Nice to see that my top 10 US bank fund is doing well today  tfc  2 32   wfc  2 38  bac   3 00   usb   2 26   pnc   1 94   bk   2 76   jpm 2 06   cof  1 42   tp   1 34   c 2 11 
COF,Wed Mar 30 23:27:05 +0000 2022,1509311279311298562,Stock   COF        REALTIME TREND     BUY BUY   95 00   SELL   5 00   Try now the Best Pivot Point Calculator   https   t co frjWleFy9D  tradingview  stocks  stockstowatch
COF,Wed Mar 30 18:09:06 +0000 2022,1509231255052824577,Stock   COF        REALTIME TREND     BUY BUY   95 00   SELL   5 00   Try now the Best Pivot Point Calculator   https   t co tw9ePkfryC  tradingview  stocks  stockstowatch
KMX,Wed Mar 30 00:28:20 +0000 2022,1508964306808934403, KMX high OI range is 105 00 to 120 00 for option expiration 04 14 2022 PutCallRatio 1 16  maxpain  options https   t co oZstUcKa0w https   t co Om9Nx2jo9v
CCL,Thu Mar 31 16:44:59 +0000 2022,1509572475918684168,Nice print for  CCL Size  138300 Price  20 27 Amount   2 803 341 00 Time  1244 See more  https   t co XTXxohI1Cg Join https   t co JWvlYbdLod to get REAL TIME prints  Runners    https   t co VC1LdPHaJR Losers    https   t co 9MWV4THfhQ Gappers    https   t co bHQKF1W40n
CCL,Thu Mar 31 15:00:05 +0000 2022,1509546077023875080,11 00 03  CCL   Bullish option flow detected in Carnival  20 34  0 73  with 64 483 calls trading  2x expected  and implied vol increasing over 1 point to 50 90     The Put Call Ratio is 0 24  Earnings are expected on 06 22 
CCL,Wed Mar 30 04:11:56 +0000 2022,1509020576706269189,   CCL price target update    Target Lowered by Jefferies Financial Group From  20 00 to  19 00  Day quote change   19 7  2 01   Target upside   3 55   Published  March 29  2022 https   t co Fd0uIoTJfL
CARR,Wed Mar 30 19:48:30 +0000 2022,1509256270800318464, CARR Strike  45 00 Expiration  2022 04 14 Put  CARR220414P45 Price  0 40 Size  1053 Time  2022 03 30 3 48 30PM Premium   42 120 00
CAT,Wed Mar 30 23:15:19 +0000 2022,1509308317172121602,Stock   CAT        REALTIME TREND     SELL BUY   5 00   SELL   95 00   Try now the Best Pivot Point Calculator   https   t co KBFz5H3Gj1  tradingview  stocks  stockstowatch
CDW,Thu Mar 31 22:54:14 +0000 2022,1509665401952735232,   CDW price target update    Upgraded by Morgan Stanley From  201 00 to  214 00  Day quote change   150  0 04   Target upside  42 67   Published  March 31  2022 https   t co sDwxSNwYnp
CNC,Thu Mar 31 10:14:41 +0000 2022,1509474255620222978,Top 1 hour crypto gainers   ZORT  5K   VPX  325 99   GASP  130 18   INSTAR  87 20   GLYPH  74 44   PUBE  61 04   BALI  55 81   CNDL  50 25   FXT  50 00   INTX  49 08   HZD  44 45   INSN  42 33   FOOLSDOGE  41 46   ELONBANK  41 35   CNC  40 94   MNSTP  40 85   CEX  36 92 
CNP,Thu Mar 31 21:26:12 +0000 2022,1509643247055826972,   CNP price target update    Target Raised by Barclays From  30 00 to  32 00  Day quote change   29 97   0 46   Target upside  6 77   Published  March 31  2022 https   t co IfbQsqxU4f
CNP,Thu Mar 31 01:49:46 +0000 2022,1509347186034814981, CNP open interest for maturity 04 14 2022  High put 29 00 High call 30 00 PutCallRatio 0 53  maxpain  options https   t co ZZz16TSliZ https   t co jMTppLXiAR
                                                                                                                                                                            CF,Wed Mar 30 14:16:21 +0000 2022,1509172684168433672, CF Strike  110 00 Expiration  2022 04 14 Call  CF220414C110 Price  2 08 Size  1263 Time  2022 03 30 10 16 21AM Premium   262 704 00
CF,Tue Mar 29 22:18:07 +0000 2022,1508931535294111749, CF high OI range is 94 00 to 118 00 for option expiration 04 01 2022 PutCallRatio 0 67  maxpain  options https   t co F42H33G2P6 https   t co mWHTzQSeNj
CRL,Thu Mar 31 04:01:09 +0000 2022,1509380252841218049,Charles River Laboratories International Inc    CRL    QUOTE  CRL was DOWN   on Wed Mar 30 Closed at 289 86 USD for a 0 00  loss from previous close          ANALYSIS Charles River Laboratories International Inc should be nationalized      
CRL,Wed Mar 30 20:55:06 +0000 2022,1509273031578992640, CRL Max Pain 290 00  Maturity 04 14 2022   maxpain  options https   t co RR2TYaCqvr https   t co aEdDR2D53r
CRL,Wed Mar 30 14:08:20 +0000 2022,1509170667178102786, CRL Max Pain 290 00  Maturity 04 14 2022   maxpain  options https   t co RR2TYaCqvr https   t co dxu8voJCfv
SCHW,Thu Mar 31 14:31:51 +0000 2022,1509538971637981190,Oversold on Hourly   https   t co 2Hf0ZbjpKC   SIG  78 43  to 75 63   RH  358 98  to 336 00   WSM  151 38  to 144 81   HAS  87 22  to 84 93   SKX  42 06  to 41 53   EBS  43 93  to 42 65   ICPT  17 01  to 16 63   SCHW  91 53
SCHW,Thu Mar 31 13:39:49 +0000 2022,1509525877708795905,Nice print for  SCHW Size  122600 Price  88 395 Amount   10 837 227 00 Time  939 See more  https   t co iKZpQcyxNV Join https   t co JWvlYbdLod to get REAL TIME prints  Runners    https   t co VC1LdPHaJR Losers    https   t co 9MWV4THfhQ Gappers    https   t co bHQKF1W40n
SCHW,Thu Mar 31 13:30:47 +0000 2022,1509523604895158274,Oversold on Hourly   https   t co 2Hf0ZbjpKC   SOLO  2 39  to 2 28   RH  358 98  to 336 00   WSM  151 38  to 144 81   HAS  87 22  to 84 93   SKX  42 06  to 41 53   EBS  43 93  to 42 65   ICPT  17 01  to 16 63   SCHW  91 53  t
CHTR,Thu Mar 31 20:33:05 +0000 2022,1509629879855243265,Stock   CHTR        REALTIME TREND     BUY BUY   95 00   SELL   5 00   Try now the Best Pivot Point Calculator   https   t co v4dkxIKmGh  tradingview  stocks  stockstowatch
CHTR,Thu Mar 31 15:15:20 +0000 2022,1509549916988792835,Stock   CHTR        REALTIME TREND     BUY BUY   95 00   SELL   5 00   Try now the Best Pivot Point Calculator   https   t co JrNZGYUDoD  tradingview  stocks  stockstowatch
